STUDYID,USUBJID,SUBJID,SITEID,AGE,AGEU,AGEGR1,SEX,RACE,ETHNIC,COUNTRY,ARMCD,ARM,TRTPOOL
MK-3475-189,KEYNOTE189_SIM-SITE001-0028,0028,SITE001,73,YEARS,>=65,M,WHITE,NOT HISPANIC OR LATINO,USA,PEMBRO,Pembrolizumab + Pemetrexed + Platinum,Pembrolizumab
MK-3475-189,KEYNOTE189_SIM-SITE001-0030,0030,SITE001,56,YEARS,<65,F,OTHER,NOT HISPANIC OR LATINO,USA,PEMBRO,Pembrolizumab + Pemetrexed + Platinum,Pembrolizumab
MK-3475-189,KEYNOTE189_SIM-SITE001-0140,0140,SITE001,68,YEARS,>=65,F,WHITE,NOT HISPANIC OR LATINO,ITA,PEMBRO,Pembrolizumab + Pemetrexed + Platinum,Pembrolizumab
MK-3475-189,KEYNOTE189_SIM-SITE001-0152,0152,SITE001,58,YEARS,<65,F,WHITE,NOT HISPANIC OR LATINO,GBR,PEMBRO,Pembrolizumab + Pemetrexed + Platinum,Pembrolizumab
MK-3475-189,KEYNOTE189_SIM-SITE001-0194,0194,SITE001,64,YEARS,<65,F,WHITE,NOT HISPANIC OR LATINO,USA,CONTROL,Placebo + Pemetrexed + Platinum,Control
MK-3475-189,KEYNOTE189_SIM-SITE001-0511,0511,SITE001,71,YEARS,>=65,M,WHITE,NOT HISPANIC OR LATINO,DEU,CONTROL,Placebo + Pemetrexed + Platinum,Control
MK-3475-189,KEYNOTE189_SIM-SITE001-0515,0515,SITE001,73,YEARS,>=65,F,WHITE,NOT HISPANIC OR LATINO,FRA,PEMBRO,Pembrolizumab + Pemetrexed + Platinum,Pembrolizumab
MK-3475-189,KEYNOTE189_SIM-SITE002-0012,0012,SITE002,62,YEARS,<65,F,WHITE,NOT HISPANIC OR LATINO,ESP,PEMBRO,Pembrolizumab + Pemetrexed + Platinum,Pembrolizumab
MK-3475-189,KEYNOTE189_SIM-SITE002-0059,0059,SITE002,60,YEARS,<65,F,WHITE,NOT HISPANIC OR LATINO,ITA,PEMBRO,Pembrolizumab + Pemetrexed + Platinum,Pembrolizumab
MK-3475-189,KEYNOTE189_SIM-SITE002-0071,0071,SITE002,71,YEARS,>=65,M,WHITE,NOT HISPANIC OR LATINO,ITA,PEMBRO,Pembrolizumab + Pemetrexed + Platinum,Pembrolizumab
MK-3475-189,KEYNOTE189_SIM-SITE002-0080,0080,SITE002,73,YEARS,>=65,M,ASIAN,NOT HISPANIC OR LATINO,JPN,PEMBRO,Pembrolizumab + Pemetrexed + Platinum,Pembrolizumab
MK-3475-189,KEYNOTE189_SIM-SITE002-0157,0157,SITE002,88,YEARS,>=65,F,WHITE,NOT HISPANIC OR LATINO,GBR,PEMBRO,Pembrolizumab + Pemetrexed + Platinum,Pembrolizumab
MK-3475-189,KEYNOTE189_SIM-SITE002-0216,0216,SITE002,71,YEARS,>=65,M,WHITE,NOT HISPANIC OR LATINO,USA,PEMBRO,Pembrolizumab + Pemetrexed + Platinum,Pembrolizumab
MK-3475-189,KEYNOTE189_SIM-SITE002-0275,0275,SITE002,47,YEARS,<65,F,WHITE,NOT HISPANIC OR LATINO,USA,PEMBRO,Pembrolizumab + Pemetrexed + Platinum,Pembrolizumab
MK-3475-189,KEYNOTE189_SIM-SITE002-0320,0320,SITE002,82,YEARS,>=65,M,WHITE,HISPANIC OR LATINO,FRA,PEMBRO,Pembrolizumab + Pemetrexed + Platinum,Pembrolizumab
MK-3475-189,KEYNOTE189_SIM-SITE002-0423,0423,SITE002,54,YEARS,<65,M,WHITE,NOT HISPANIC OR LATINO,DEU,PEMBRO,Pembrolizumab + Pemetrexed + Platinum,Pembrolizumab
MK-3475-189,KEYNOTE189_SIM-SITE002-0486,0486,SITE002,64,YEARS,<65,M,WHITE,NOT HISPANIC OR LATINO,USA,CONTROL,Placebo + Pemetrexed + Platinum,Control
MK-3475-189,KEYNOTE189_SIM-SITE002-0517,0517,SITE002,66,YEARS,>=65,F,WHITE,NOT HISPANIC OR LATINO,DEU,PEMBRO,Pembrolizumab + Pemetrexed + Platinum,Pembrolizumab
MK-3475-189,KEYNOTE189_SIM-SITE002-0554,0554,SITE002,74,YEARS,>=65,M,ASIAN,NOT HISPANIC OR LATINO,KOR,PEMBRO,Pembrolizumab + Pemetrexed + Platinum,Pembrolizumab
MK-3475-189,KEYNOTE189_SIM-SITE002-0611,0611,SITE002,72,YEARS,>=65,F,WHITE,HISPANIC OR LATINO,DEU,CONTROL,Placebo + Pemetrexed + Platinum,Control
MK-3475-189,KEYNOTE189_SIM-SITE003-0032,0032,SITE003,64,YEARS,<65,F,ASIAN,NOT HISPANIC OR LATINO,JPN,PEMBRO,Pembrolizumab + Pemetrexed + Platinum,Pembrolizumab
MK-3475-189,KEYNOTE189_SIM-SITE003-0033,0033,SITE003,71,YEARS,>=65,F,BLACK OR AFRICAN AMERICAN,NOT HISPANIC OR LATINO,USA,PEMBRO,Pembrolizumab + Pemetrexed + Platinum,Pembrolizumab
MK-3475-189,KEYNOTE189_SIM-SITE003-0131,0131,SITE003,75,YEARS,>=65,M,WHITE,NOT HISPANIC OR LATINO,FRA,PEMBRO,Pembrolizumab + Pemetrexed + Platinum,Pembrolizumab
MK-3475-189,KEYNOTE189_SIM-SITE003-0169,0169,SITE003,51,YEARS,<65,M,ASIAN,NOT HISPANIC OR LATINO,KOR,PEMBRO,Pembrolizumab + Pemetrexed + Platinum,Pembrolizumab
MK-3475-189,KEYNOTE189_SIM-SITE003-0227,0227,SITE003,72,YEARS,>=65,F,ASIAN,NOT HISPANIC OR LATINO,KOR,PEMBRO,Pembrolizumab + Pemetrexed + Platinum,Pembrolizumab
MK-3475-189,KEYNOTE189_SIM-SITE003-0231,0231,SITE003,52,YEARS,<65,M,ASIAN,NOT HISPANIC OR LATINO,JPN,CONTROL,Placebo + Pemetrexed + Platinum,Control
MK-3475-189,KEYNOTE189_SIM-SITE003-0259,0259,SITE003,61,YEARS,<65,F,WHITE,NOT HISPANIC OR LATINO,DEU,PEMBRO,Pembrolizumab + Pemetrexed + Platinum,Pembrolizumab
MK-3475-189,KEYNOTE189_SIM-SITE003-0336,0336,SITE003,53,YEARS,<65,M,WHITE,NOT HISPANIC OR LATINO,ITA,PEMBRO,Pembrolizumab + Pemetrexed + Platinum,Pembrolizumab
MK-3475-189,KEYNOTE189_SIM-SITE003-0343,0343,SITE003,67,YEARS,>=65,M,WHITE,NOT HISPANIC OR LATINO,ESP,CONTROL,Placebo + Pemetrexed + Platinum,Control
MK-3475-189,KEYNOTE189_SIM-SITE003-0475,0475,SITE003,72,YEARS,>=65,F,WHITE,NOT HISPANIC OR LATINO,USA,PEMBRO,Pembrolizumab + Pemetrexed + Platinum,Pembrolizumab
MK-3475-189,KEYNOTE189_SIM-SITE003-0574,0574,SITE003,57,YEARS,<65,M,WHITE,NOT HISPANIC OR LATINO,ITA,CONTROL,Placebo + Pemetrexed + Platinum,Control
MK-3475-189,KEYNOTE189_SIM-SITE004-0057,0057,SITE004,60,YEARS,<65,M,WHITE,HISPANIC OR LATINO,GBR,CONTROL,Placebo + Pemetrexed + Platinum,Control
MK-3475-189,KEYNOTE189_SIM-SITE004-0065,0065,SITE004,57,YEARS,<65,M,OTHER,HISPANIC OR LATINO,ESP,PEMBRO,Pembrolizumab + Pemetrexed + Platinum,Pembrolizumab
MK-3475-189,KEYNOTE189_SIM-SITE004-0160,0160,SITE004,42,YEARS,<65,M,WHITE,NOT HISPANIC OR LATINO,USA,PEMBRO,Pembrolizumab + Pemetrexed + Platinum,Pembrolizumab
MK-3475-189,KEYNOTE189_SIM-SITE004-0197,0197,SITE004,66,YEARS,>=65,M,WHITE,NOT HISPANIC OR LATINO,GBR,PEMBRO,Pembrolizumab + Pemetrexed + Platinum,Pembrolizumab
MK-3475-189,KEYNOTE189_SIM-SITE004-0306,0306,SITE004,55,YEARS,<65,M,WHITE,NOT HISPANIC OR LATINO,DEU,PEMBRO,Pembrolizumab + Pemetrexed + Platinum,Pembrolizumab
MK-3475-189,KEYNOTE189_SIM-SITE004-0489,0489,SITE004,68,YEARS,>=65,M,WHITE,NOT HISPANIC OR LATINO,FRA,PEMBRO,Pembrolizumab + Pemetrexed + Platinum,Pembrolizumab
MK-3475-189,KEYNOTE189_SIM-SITE004-0597,0597,SITE004,67,YEARS,>=65,F,WHITE,NOT HISPANIC OR LATINO,AUS,PEMBRO,Pembrolizumab + Pemetrexed + Platinum,Pembrolizumab
MK-3475-189,KEYNOTE189_SIM-SITE005-0070,0070,SITE005,63,YEARS,<65,M,WHITE,NOT HISPANIC OR LATINO,GBR,PEMBRO,Pembrolizumab + Pemetrexed + Platinum,Pembrolizumab
MK-3475-189,KEYNOTE189_SIM-SITE005-0099,0099,SITE005,77,YEARS,>=65,F,WHITE,NOT HISPANIC OR LATINO,USA,PEMBRO,Pembrolizumab + Pemetrexed + Platinum,Pembrolizumab
MK-3475-189,KEYNOTE189_SIM-SITE005-0114,0114,SITE005,70,YEARS,>=65,F,WHITE,NOT HISPANIC OR LATINO,DEU,PEMBRO,Pembrolizumab + Pemetrexed + Platinum,Pembrolizumab
MK-3475-189,KEYNOTE189_SIM-SITE005-0121,0121,SITE005,49,YEARS,<65,F,ASIAN,NOT HISPANIC OR LATINO,KOR,CONTROL,Placebo + Pemetrexed + Platinum,Control
MK-3475-189,KEYNOTE189_SIM-SITE005-0141,0141,SITE005,77,YEARS,>=65,M,WHITE,NOT HISPANIC OR LATINO,USA,PEMBRO,Pembrolizumab + Pemetrexed + Platinum,Pembrolizumab
MK-3475-189,KEYNOTE189_SIM-SITE005-0211,0211,SITE005,65,YEARS,>=65,M,WHITE,HISPANIC OR LATINO,ISR,PEMBRO,Pembrolizumab + Pemetrexed + Platinum,Pembrolizumab
MK-3475-189,KEYNOTE189_SIM-SITE005-0287,0287,SITE005,63,YEARS,<65,F,WHITE,NOT HISPANIC OR LATINO,ISR,PEMBRO,Pembrolizumab + Pemetrexed + Platinum,Pembrolizumab
MK-3475-189,KEYNOTE189_SIM-SITE005-0398,0398,SITE005,60,YEARS,<65,M,WHITE,NOT HISPANIC OR LATINO,GBR,CONTROL,Placebo + Pemetrexed + Platinum,Control
MK-3475-189,KEYNOTE189_SIM-SITE005-0441,0441,SITE005,67,YEARS,>=65,M,OTHER,NOT HISPANIC OR LATINO,USA,PEMBRO,Pembrolizumab + Pemetrexed + Platinum,Pembrolizumab
MK-3475-189,KEYNOTE189_SIM-SITE005-0476,0476,SITE005,66,YEARS,>=65,M,WHITE,NOT HISPANIC OR LATINO,USA,PEMBRO,Pembrolizumab + Pemetrexed + Platinum,Pembrolizumab
MK-3475-189,KEYNOTE189_SIM-SITE005-0485,0485,SITE005,72,YEARS,>=65,M,WHITE,NOT HISPANIC OR LATINO,USA,PEMBRO,Pembrolizumab + Pemetrexed + Platinum,Pembrolizumab
MK-3475-189,KEYNOTE189_SIM-SITE005-0531,0531,SITE005,50,YEARS,<65,M,WHITE,NOT HISPANIC OR LATINO,AUS,CONTROL,Placebo + Pemetrexed + Platinum,Control
MK-3475-189,KEYNOTE189_SIM-SITE005-0560,0560,SITE005,61,YEARS,<65,M,WHITE,NOT HISPANIC OR LATINO,FRA,PEMBRO,Pembrolizumab + Pemetrexed + Platinum,Pembrolizumab
MK-3475-189,KEYNOTE189_SIM-SITE006-0109,0109,SITE006,66,YEARS,>=65,M,WHITE,NOT HISPANIC OR LATINO,ESP,PEMBRO,Pembrolizumab + Pemetrexed + Platinum,Pembrolizumab
MK-3475-189,KEYNOTE189_SIM-SITE006-0115,0115,SITE006,56,YEARS,<65,M,WHITE,NOT HISPANIC OR LATINO,AUS,CONTROL,Placebo + Pemetrexed + Platinum,Control
MK-3475-189,KEYNOTE189_SIM-SITE006-0193,0193,SITE006,83,YEARS,>=65,F,WHITE,NOT HISPANIC OR LATINO,USA,PEMBRO,Pembrolizumab + Pemetrexed + Platinum,Pembrolizumab
MK-3475-189,KEYNOTE189_SIM-SITE006-0200,0200,SITE006,69,YEARS,>=65,M,WHITE,NOT HISPANIC OR LATINO,ESP,PEMBRO,Pembrolizumab + Pemetrexed + Platinum,Pembrolizumab
MK-3475-189,KEYNOTE189_SIM-SITE006-0226,0226,SITE006,60,YEARS,<65,M,WHITE,NOT HISPANIC OR LATINO,GBR,PEMBRO,Pembrolizumab + Pemetrexed + Platinum,Pembrolizumab
MK-3475-189,KEYNOTE189_SIM-SITE006-0399,0399,SITE006,74,YEARS,>=65,F,WHITE,NOT HISPANIC OR LATINO,USA,PEMBRO,Pembrolizumab + Pemetrexed + Platinum,Pembrolizumab
MK-3475-189,KEYNOTE189_SIM-SITE006-0415,0415,SITE006,60,YEARS,<65,F,WHITE,NOT HISPANIC OR LATINO,ITA,PEMBRO,Pembrolizumab + Pemetrexed + Platinum,Pembrolizumab
MK-3475-189,KEYNOTE189_SIM-SITE006-0435,0435,SITE006,66,YEARS,>=65,M,WHITE,NOT HISPANIC OR LATINO,USA,PEMBRO,Pembrolizumab + Pemetrexed + Platinum,Pembrolizumab
MK-3475-189,KEYNOTE189_SIM-SITE006-0555,0555,SITE006,57,YEARS,<65,F,WHITE,NOT HISPANIC OR LATINO,ITA,PEMBRO,Pembrolizumab + Pemetrexed + Platinum,Pembrolizumab
MK-3475-189,KEYNOTE189_SIM-SITE006-0604,0604,SITE006,64,YEARS,<65,M,WHITE,NOT HISPANIC OR LATINO,ITA,CONTROL,Placebo + Pemetrexed + Platinum,Control
MK-3475-189,KEYNOTE189_SIM-SITE007-0040,0040,SITE007,73,YEARS,>=65,M,WHITE,NOT HISPANIC OR LATINO,FRA,PEMBRO,Pembrolizumab + Pemetrexed + Platinum,Pembrolizumab
MK-3475-189,KEYNOTE189_SIM-SITE007-0049,0049,SITE007,57,YEARS,<65,F,WHITE,NOT HISPANIC OR LATINO,GBR,PEMBRO,Pembrolizumab + Pemetrexed + Platinum,Pembrolizumab
MK-3475-189,KEYNOTE189_SIM-SITE007-0067,0067,SITE007,78,YEARS,>=65,M,WHITE,NOT HISPANIC OR LATINO,ITA,PEMBRO,Pembrolizumab + Pemetrexed + Platinum,Pembrolizumab
MK-3475-189,KEYNOTE189_SIM-SITE007-0163,0163,SITE007,69,YEARS,>=65,M,ASIAN,NOT HISPANIC OR LATINO,JPN,PEMBRO,Pembrolizumab + Pemetrexed + Platinum,Pembrolizumab
MK-3475-189,KEYNOTE189_SIM-SITE007-0338,0338,SITE007,84,YEARS,>=65,M,WHITE,NOT HISPANIC OR LATINO,USA,CONTROL,Placebo + Pemetrexed + Platinum,Control
MK-3475-189,KEYNOTE189_SIM-SITE007-0349,0349,SITE007,49,YEARS,<65,M,WHITE,NOT HISPANIC OR LATINO,FRA,CONTROL,Placebo + Pemetrexed + Platinum,Control
MK-3475-189,KEYNOTE189_SIM-SITE007-0356,0356,SITE007,60,YEARS,<65,M,ASIAN,NOT HISPANIC OR LATINO,AUS,CONTROL,Placebo + Pemetrexed + Platinum,Control
MK-3475-189,KEYNOTE189_SIM-SITE007-0376,0376,SITE007,67,YEARS,>=65,M,OTHER,HISPANIC OR LATINO,USA,PEMBRO,Pembrolizumab + Pemetrexed + Platinum,Pembrolizumab
MK-3475-189,KEYNOTE189_SIM-SITE007-0389,0389,SITE007,62,YEARS,<65,M,WHITE,NOT HISPANIC OR LATINO,USA,PEMBRO,Pembrolizumab + Pemetrexed + Platinum,Pembrolizumab
MK-3475-189,KEYNOTE189_SIM-SITE007-0498,0498,SITE007,69,YEARS,>=65,M,WHITE,NOT HISPANIC OR LATINO,USA,PEMBRO,Pembrolizumab + Pemetrexed + Platinum,Pembrolizumab
MK-3475-189,KEYNOTE189_SIM-SITE008-0045,0045,SITE008,74,YEARS,>=65,M,BLACK OR AFRICAN AMERICAN,NOT HISPANIC OR LATINO,USA,PEMBRO,Pembrolizumab + Pemetrexed + Platinum,Pembrolizumab
MK-3475-189,KEYNOTE189_SIM-SITE008-0053,0053,SITE008,78,YEARS,>=65,F,WHITE,NOT HISPANIC OR LATINO,FRA,PEMBRO,Pembrolizumab + Pemetrexed + Platinum,Pembrolizumab
MK-3475-189,KEYNOTE189_SIM-SITE008-0186,0186,SITE008,53,YEARS,<65,M,WHITE,NOT HISPANIC OR LATINO,USA,PEMBRO,Pembrolizumab + Pemetrexed + Platinum,Pembrolizumab
MK-3475-189,KEYNOTE189_SIM-SITE008-0277,0277,SITE008,61,YEARS,<65,F,WHITE,NOT HISPANIC OR LATINO,ITA,CONTROL,Placebo + Pemetrexed + Platinum,Control
MK-3475-189,KEYNOTE189_SIM-SITE008-0341,0341,SITE008,57,YEARS,<65,M,WHITE,NOT HISPANIC OR LATINO,ITA,PEMBRO,Pembrolizumab + Pemetrexed + Platinum,Pembrolizumab
MK-3475-189,KEYNOTE189_SIM-SITE008-0355,0355,SITE008,59,YEARS,<65,F,ASIAN,NOT HISPANIC OR LATINO,AUS,CONTROL,Placebo + Pemetrexed + Platinum,Control
MK-3475-189,KEYNOTE189_SIM-SITE008-0362,0362,SITE008,57,YEARS,<65,M,WHITE,HISPANIC OR LATINO,FRA,PEMBRO,Pembrolizumab + Pemetrexed + Platinum,Pembrolizumab
MK-3475-189,KEYNOTE189_SIM-SITE008-0436,0436,SITE008,55,YEARS,<65,F,WHITE,NOT HISPANIC OR LATINO,DEU,PEMBRO,Pembrolizumab + Pemetrexed + Platinum,Pembrolizumab
MK-3475-189,KEYNOTE189_SIM-SITE008-0603,0603,SITE008,53,YEARS,<65,M,WHITE,NOT HISPANIC OR LATINO,AUS,PEMBRO,Pembrolizumab + Pemetrexed + Platinum,Pembrolizumab
MK-3475-189,KEYNOTE189_SIM-SITE009-0062,0062,SITE009,47,YEARS,<65,M,WHITE,NOT HISPANIC OR LATINO,USA,PEMBRO,Pembrolizumab + Pemetrexed + Platinum,Pembrolizumab
MK-3475-189,KEYNOTE189_SIM-SITE009-0063,0063,SITE009,70,YEARS,>=65,F,WHITE,NOT HISPANIC OR LATINO,ESP,PEMBRO,Pembrolizumab + Pemetrexed + Platinum,Pembrolizumab
MK-3475-189,KEYNOTE189_SIM-SITE009-0151,0151,SITE009,65,YEARS,>=65,M,WHITE,NOT HISPANIC OR LATINO,USA,PEMBRO,Pembrolizumab + Pemetrexed + Platinum,Pembrolizumab
MK-3475-189,KEYNOTE189_SIM-SITE009-0228,0228,SITE009,69,YEARS,>=65,F,WHITE,NOT HISPANIC OR LATINO,USA,PEMBRO,Pembrolizumab + Pemetrexed + Platinum,Pembrolizumab
MK-3475-189,KEYNOTE189_SIM-SITE009-0238,0238,SITE009,40,YEARS,<65,M,WHITE,HISPANIC OR LATINO,ISR,PEMBRO,Pembrolizumab + Pemetrexed + Platinum,Pembrolizumab
MK-3475-189,KEYNOTE189_SIM-SITE009-0265,0265,SITE009,64,YEARS,<65,F,WHITE,NOT HISPANIC OR LATINO,USA,CONTROL,Placebo + Pemetrexed + Platinum,Control
MK-3475-189,KEYNOTE189_SIM-SITE009-0428,0428,SITE009,70,YEARS,>=65,M,BLACK OR AFRICAN AMERICAN,NOT HISPANIC OR LATINO,USA,PEMBRO,Pembrolizumab + Pemetrexed + Platinum,Pembrolizumab
MK-3475-189,KEYNOTE189_SIM-SITE010-0021,0021,SITE010,52,YEARS,<65,M,BLACK OR AFRICAN AMERICAN,NOT HISPANIC OR LATINO,USA,PEMBRO,Pembrolizumab + Pemetrexed + Platinum,Pembrolizumab
MK-3475-189,KEYNOTE189_SIM-SITE010-0037,0037,SITE010,61,YEARS,<65,F,WHITE,NOT HISPANIC OR LATINO,DEU,CONTROL,Placebo + Pemetrexed + Platinum,Control
MK-3475-189,KEYNOTE189_SIM-SITE010-0051,0051,SITE010,61,YEARS,<65,F,WHITE,NOT HISPANIC OR LATINO,DEU,CONTROL,Placebo + Pemetrexed + Platinum,Control
MK-3475-189,KEYNOTE189_SIM-SITE010-0198,0198,SITE010,65,YEARS,>=65,M,WHITE,NOT HISPANIC OR LATINO,USA,PEMBRO,Pembrolizumab + Pemetrexed + Platinum,Pembrolizumab
MK-3475-189,KEYNOTE189_SIM-SITE010-0272,0272,SITE010,67,YEARS,>=65,M,ASIAN,HISPANIC OR LATINO,USA,PEMBRO,Pembrolizumab + Pemetrexed + Platinum,Pembrolizumab
MK-3475-189,KEYNOTE189_SIM-SITE010-0323,0323,SITE010,72,YEARS,>=65,F,WHITE,NOT HISPANIC OR LATINO,ISR,CONTROL,Placebo + Pemetrexed + Platinum,Control
MK-3475-189,KEYNOTE189_SIM-SITE010-0473,0473,SITE010,87,YEARS,>=65,F,WHITE,NOT HISPANIC OR LATINO,USA,PEMBRO,Pembrolizumab + Pemetrexed + Platinum,Pembrolizumab
MK-3475-189,KEYNOTE189_SIM-SITE010-0496,0496,SITE010,61,YEARS,<65,F,WHITE,NOT HISPANIC OR LATINO,GBR,PEMBRO,Pembrolizumab + Pemetrexed + Platinum,Pembrolizumab
MK-3475-189,KEYNOTE189_SIM-SITE010-0527,0527,SITE010,48,YEARS,<65,F,WHITE,NOT HISPANIC OR LATINO,USA,PEMBRO,Pembrolizumab + Pemetrexed + Platinum,Pembrolizumab
MK-3475-189,KEYNOTE189_SIM-SITE011-0019,0019,SITE011,65,YEARS,>=65,F,ASIAN,NOT HISPANIC OR LATINO,JPN,CONTROL,Placebo + Pemetrexed + Platinum,Control
MK-3475-189,KEYNOTE189_SIM-SITE011-0024,0024,SITE011,60,YEARS,<65,F,ASIAN,NOT HISPANIC OR LATINO,KOR,PEMBRO,Pembrolizumab + Pemetrexed + Platinum,Pembrolizumab
MK-3475-189,KEYNOTE189_SIM-SITE011-0042,0042,SITE011,59,YEARS,<65,F,WHITE,NOT HISPANIC OR LATINO,AUS,CONTROL,Placebo + Pemetrexed + Platinum,Control
MK-3475-189,KEYNOTE189_SIM-SITE011-0091,0091,SITE011,71,YEARS,>=65,F,WHITE,NOT HISPANIC OR LATINO,DEU,PEMBRO,Pembrolizumab + Pemetrexed + Platinum,Pembrolizumab
MK-3475-189,KEYNOTE189_SIM-SITE011-0120,0120,SITE011,76,YEARS,>=65,M,ASIAN,NOT HISPANIC OR LATINO,JPN,PEMBRO,Pembrolizumab + Pemetrexed + Platinum,Pembrolizumab
MK-3475-189,KEYNOTE189_SIM-SITE011-0207,0207,SITE011,79,YEARS,>=65,F,WHITE,NOT HISPANIC OR LATINO,FRA,CONTROL,Placebo + Pemetrexed + Platinum,Control
MK-3475-189,KEYNOTE189_SIM-SITE011-0240,0240,SITE011,53,YEARS,<65,F,WHITE,NOT HISPANIC OR LATINO,ITA,PEMBRO,Pembrolizumab + Pemetrexed + Platinum,Pembrolizumab
MK-3475-189,KEYNOTE189_SIM-SITE011-0289,0289,SITE011,67,YEARS,>=65,M,WHITE,NOT HISPANIC OR LATINO,ESP,CONTROL,Placebo + Pemetrexed + Platinum,Control
MK-3475-189,KEYNOTE189_SIM-SITE011-0426,0426,SITE011,63,YEARS,<65,F,BLACK OR AFRICAN AMERICAN,NOT HISPANIC OR LATINO,USA,PEMBRO,Pembrolizumab + Pemetrexed + Platinum,Pembrolizumab
MK-3475-189,KEYNOTE189_SIM-SITE011-0450,0450,SITE011,50,YEARS,<65,F,WHITE,NOT HISPANIC OR LATINO,DEU,PEMBRO,Pembrolizumab + Pemetrexed + Platinum,Pembrolizumab
MK-3475-189,KEYNOTE189_SIM-SITE011-0523,0523,SITE011,57,YEARS,<65,F,WHITE,NOT HISPANIC OR LATINO,FRA,PEMBRO,Pembrolizumab + Pemetrexed + Platinum,Pembrolizumab
MK-3475-189,KEYNOTE189_SIM-SITE011-0552,0552,SITE011,53,YEARS,<65,M,ASIAN,NOT HISPANIC OR LATINO,JPN,CONTROL,Placebo + Pemetrexed + Platinum,Control
MK-3475-189,KEYNOTE189_SIM-SITE011-0607,0607,SITE011,63,YEARS,<65,M,WHITE,NOT HISPANIC OR LATINO,DEU,PEMBRO,Pembrolizumab + Pemetrexed + Platinum,Pembrolizumab
MK-3475-189,KEYNOTE189_SIM-SITE011-0612,0612,SITE011,47,YEARS,<65,F,WHITE,NOT HISPANIC OR LATINO,DEU,PEMBRO,Pembrolizumab + Pemetrexed + Platinum,Pembrolizumab
MK-3475-189,KEYNOTE189_SIM-SITE012-0215,0215,SITE012,45,YEARS,<65,F,WHITE,NOT HISPANIC OR LATINO,ITA,PEMBRO,Pembrolizumab + Pemetrexed + Platinum,Pembrolizumab
MK-3475-189,KEYNOTE189_SIM-SITE012-0222,0222,SITE012,50,YEARS,<65,F,WHITE,HISPANIC OR LATINO,ESP,PEMBRO,Pembrolizumab + Pemetrexed + Platinum,Pembrolizumab
MK-3475-189,KEYNOTE189_SIM-SITE012-0223,0223,SITE012,57,YEARS,<65,F,WHITE,NOT HISPANIC OR LATINO,USA,PEMBRO,Pembrolizumab + Pemetrexed + Platinum,Pembrolizumab
MK-3475-189,KEYNOTE189_SIM-SITE012-0225,0225,SITE012,56,YEARS,<65,M,WHITE,NOT HISPANIC OR LATINO,ESP,CONTROL,Placebo + Pemetrexed + Platinum,Control
MK-3475-189,KEYNOTE189_SIM-SITE012-0373,0373,SITE012,51,YEARS,<65,M,ASIAN,NOT HISPANIC OR LATINO,JPN,CONTROL,Placebo + Pemetrexed + Platinum,Control
MK-3475-189,KEYNOTE189_SIM-SITE012-0385,0385,SITE012,68,YEARS,>=65,M,WHITE,NOT HISPANIC OR LATINO,USA,CONTROL,Placebo + Pemetrexed + Platinum,Control
MK-3475-189,KEYNOTE189_SIM-SITE012-0482,0482,SITE012,64,YEARS,<65,F,WHITE,NOT HISPANIC OR LATINO,GBR,CONTROL,Placebo + Pemetrexed + Platinum,Control
MK-3475-189,KEYNOTE189_SIM-SITE012-0582,0582,SITE012,71,YEARS,>=65,F,WHITE,NOT HISPANIC OR LATINO,USA,CONTROL,Placebo + Pemetrexed + Platinum,Control
MK-3475-189,KEYNOTE189_SIM-SITE013-0013,0013,SITE013,60,YEARS,<65,M,WHITE,NOT HISPANIC OR LATINO,DEU,PEMBRO,Pembrolizumab + Pemetrexed + Platinum,Pembrolizumab
MK-3475-189,KEYNOTE189_SIM-SITE013-0017,0017,SITE013,71,YEARS,>=65,F,WHITE,NOT HISPANIC OR LATINO,ESP,PEMBRO,Pembrolizumab + Pemetrexed + Platinum,Pembrolizumab
MK-3475-189,KEYNOTE189_SIM-SITE013-0023,0023,SITE013,56,YEARS,<65,F,WHITE,NOT HISPANIC OR LATINO,FRA,CONTROL,Placebo + Pemetrexed + Platinum,Control
MK-3475-189,KEYNOTE189_SIM-SITE013-0088,0088,SITE013,56,YEARS,<65,M,WHITE,NOT HISPANIC OR LATINO,ITA,PEMBRO,Pembrolizumab + Pemetrexed + Platinum,Pembrolizumab
MK-3475-189,KEYNOTE189_SIM-SITE013-0279,0279,SITE013,59,YEARS,<65,M,WHITE,NOT HISPANIC OR LATINO,USA,PEMBRO,Pembrolizumab + Pemetrexed + Platinum,Pembrolizumab
MK-3475-189,KEYNOTE189_SIM-SITE013-0293,0293,SITE013,69,YEARS,>=65,M,WHITE,NOT HISPANIC OR LATINO,DEU,PEMBRO,Pembrolizumab + Pemetrexed + Platinum,Pembrolizumab
MK-3475-189,KEYNOTE189_SIM-SITE013-0300,0300,SITE013,72,YEARS,>=65,M,WHITE,NOT HISPANIC OR LATINO,USA,PEMBRO,Pembrolizumab + Pemetrexed + Platinum,Pembrolizumab
MK-3475-189,KEYNOTE189_SIM-SITE013-0301,0301,SITE013,62,YEARS,<65,F,WHITE,NOT HISPANIC OR LATINO,ITA,PEMBRO,Pembrolizumab + Pemetrexed + Platinum,Pembrolizumab
MK-3475-189,KEYNOTE189_SIM-SITE013-0321,0321,SITE013,56,YEARS,<65,M,ASIAN,NOT HISPANIC OR LATINO,JPN,PEMBRO,Pembrolizumab + Pemetrexed + Platinum,Pembrolizumab
MK-3475-189,KEYNOTE189_SIM-SITE013-0342,0342,SITE013,72,YEARS,>=65,F,WHITE,NOT HISPANIC OR LATINO,FRA,PEMBRO,Pembrolizumab + Pemetrexed + Platinum,Pembrolizumab
MK-3475-189,KEYNOTE189_SIM-SITE013-0367,0367,SITE013,72,YEARS,>=65,F,WHITE,NOT HISPANIC OR LATINO,USA,CONTROL,Placebo + Pemetrexed + Platinum,Control
MK-3475-189,KEYNOTE189_SIM-SITE013-0421,0421,SITE013,45,YEARS,<65,F,OTHER,NOT HISPANIC OR LATINO,JPN,PEMBRO,Pembrolizumab + Pemetrexed + Platinum,Pembrolizumab
MK-3475-189,KEYNOTE189_SIM-SITE013-0465,0465,SITE013,70,YEARS,>=65,M,WHITE,NOT HISPANIC OR LATINO,ITA,CONTROL,Placebo + Pemetrexed + Platinum,Control
MK-3475-189,KEYNOTE189_SIM-SITE013-0509,0509,SITE013,52,YEARS,<65,M,WHITE,NOT HISPANIC OR LATINO,ESP,CONTROL,Placebo + Pemetrexed + Platinum,Control
MK-3475-189,KEYNOTE189_SIM-SITE013-0545,0545,SITE013,74,YEARS,>=65,M,ASIAN,NOT HISPANIC OR LATINO,AUS,CONTROL,Placebo + Pemetrexed + Platinum,Control
MK-3475-189,KEYNOTE189_SIM-SITE013-0571,0571,SITE013,47,YEARS,<65,F,WHITE,NOT HISPANIC OR LATINO,ITA,PEMBRO,Pembrolizumab + Pemetrexed + Platinum,Pembrolizumab
MK-3475-189,KEYNOTE189_SIM-SITE014-0006,0006,SITE014,62,YEARS,<65,F,WHITE,NOT HISPANIC OR LATINO,DEU,CONTROL,Placebo + Pemetrexed + Platinum,Control
MK-3475-189,KEYNOTE189_SIM-SITE014-0129,0129,SITE014,57,YEARS,<65,F,OTHER,NOT HISPANIC OR LATINO,DEU,PEMBRO,Pembrolizumab + Pemetrexed + Platinum,Pembrolizumab
MK-3475-189,KEYNOTE189_SIM-SITE014-0297,0297,SITE014,60,YEARS,<65,F,ASIAN,NOT HISPANIC OR LATINO,JPN,CONTROL,Placebo + Pemetrexed + Platinum,Control
MK-3475-189,KEYNOTE189_SIM-SITE014-0315,0315,SITE014,46,YEARS,<65,M,WHITE,NOT HISPANIC OR LATINO,GBR,PEMBRO,Pembrolizumab + Pemetrexed + Platinum,Pembrolizumab
MK-3475-189,KEYNOTE189_SIM-SITE014-0354,0354,SITE014,56,YEARS,<65,M,WHITE,NOT HISPANIC OR LATINO,AUS,PEMBRO,Pembrolizumab + Pemetrexed + Platinum,Pembrolizumab
MK-3475-189,KEYNOTE189_SIM-SITE014-0383,0383,SITE014,59,YEARS,<65,M,WHITE,NOT HISPANIC OR LATINO,DEU,PEMBRO,Pembrolizumab + Pemetrexed + Platinum,Pembrolizumab
MK-3475-189,KEYNOTE189_SIM-SITE014-0446,0446,SITE014,63,YEARS,<65,M,WHITE,HISPANIC OR LATINO,DEU,PEMBRO,Pembrolizumab + Pemetrexed + Platinum,Pembrolizumab
MK-3475-189,KEYNOTE189_SIM-SITE014-0501,0501,SITE014,76,YEARS,>=65,F,ASIAN,NOT HISPANIC OR LATINO,KOR,PEMBRO,Pembrolizumab + Pemetrexed + Platinum,Pembrolizumab
MK-3475-189,KEYNOTE189_SIM-SITE014-0591,0591,SITE014,67,YEARS,>=65,M,WHITE,NOT HISPANIC OR LATINO,DEU,CONTROL,Placebo + Pemetrexed + Platinum,Control
MK-3475-189,KEYNOTE189_SIM-SITE015-0029,0029,SITE015,70,YEARS,>=65,M,WHITE,NOT HISPANIC OR LATINO,DEU,PEMBRO,Pembrolizumab + Pemetrexed + Platinum,Pembrolizumab
MK-3475-189,KEYNOTE189_SIM-SITE015-0295,0295,SITE015,56,YEARS,<65,M,WHITE,NOT HISPANIC OR LATINO,FRA,PEMBRO,Pembrolizumab + Pemetrexed + Platinum,Pembrolizumab
MK-3475-189,KEYNOTE189_SIM-SITE015-0332,0332,SITE015,56,YEARS,<65,F,WHITE,NOT HISPANIC OR LATINO,GBR,CONTROL,Placebo + Pemetrexed + Platinum,Control
MK-3475-189,KEYNOTE189_SIM-SITE015-0402,0402,SITE015,53,YEARS,<65,M,WHITE,NOT HISPANIC OR LATINO,USA,PEMBRO,Pembrolizumab + Pemetrexed + Platinum,Pembrolizumab
MK-3475-189,KEYNOTE189_SIM-SITE015-0568,0568,SITE015,64,YEARS,<65,M,WHITE,NOT HISPANIC OR LATINO,USA,CONTROL,Placebo + Pemetrexed + Platinum,Control
MK-3475-189,KEYNOTE189_SIM-SITE015-0570,0570,SITE015,58,YEARS,<65,F,WHITE,HISPANIC OR LATINO,GBR,CONTROL,Placebo + Pemetrexed + Platinum,Control
MK-3475-189,KEYNOTE189_SIM-SITE016-0038,0038,SITE016,49,YEARS,<65,M,WHITE,HISPANIC OR LATINO,ESP,PEMBRO,Pembrolizumab + Pemetrexed + Platinum,Pembrolizumab
MK-3475-189,KEYNOTE189_SIM-SITE016-0181,0181,SITE016,59,YEARS,<65,M,WHITE,NOT HISPANIC OR LATINO,ISR,PEMBRO,Pembrolizumab + Pemetrexed + Platinum,Pembrolizumab
MK-3475-189,KEYNOTE189_SIM-SITE016-0252,0252,SITE016,72,YEARS,>=65,M,WHITE,NOT HISPANIC OR LATINO,DEU,CONTROL,Placebo + Pemetrexed + Platinum,Control
MK-3475-189,KEYNOTE189_SIM-SITE016-0483,0483,SITE016,68,YEARS,>=65,M,WHITE,NOT HISPANIC OR LATINO,ISR,PEMBRO,Pembrolizumab + Pemetrexed + Platinum,Pembrolizumab
MK-3475-189,KEYNOTE189_SIM-SITE016-0598,0598,SITE016,65,YEARS,>=65,M,WHITE,NOT HISPANIC OR LATINO,USA,CONTROL,Placebo + Pemetrexed + Platinum,Control
MK-3475-189,KEYNOTE189_SIM-SITE017-0105,0105,SITE017,69,YEARS,>=65,M,WHITE,NOT HISPANIC OR LATINO,DEU,CONTROL,Placebo + Pemetrexed + Platinum,Control
MK-3475-189,KEYNOTE189_SIM-SITE017-0237,0237,SITE017,53,YEARS,<65,F,WHITE,NOT HISPANIC OR LATINO,ESP,CONTROL,Placebo + Pemetrexed + Platinum,Control
MK-3475-189,KEYNOTE189_SIM-SITE017-0257,0257,SITE017,55,YEARS,<65,M,WHITE,NOT HISPANIC OR LATINO,AUS,CONTROL,Placebo + Pemetrexed + Platinum,Control
MK-3475-189,KEYNOTE189_SIM-SITE017-0382,0382,SITE017,62,YEARS,<65,M,WHITE,NOT HISPANIC OR LATINO,GBR,CONTROL,Placebo + Pemetrexed + Platinum,Control
MK-3475-189,KEYNOTE189_SIM-SITE017-0417,0417,SITE017,69,YEARS,>=65,F,WHITE,NOT HISPANIC OR LATINO,USA,PEMBRO,Pembrolizumab + Pemetrexed + Platinum,Pembrolizumab
MK-3475-189,KEYNOTE189_SIM-SITE017-0542,0542,SITE017,60,YEARS,<65,M,WHITE,NOT HISPANIC OR LATINO,ITA,PEMBRO,Pembrolizumab + Pemetrexed + Platinum,Pembrolizumab
MK-3475-189,KEYNOTE189_SIM-SITE018-0077,0077,SITE018,58,YEARS,<65,M,WHITE,NOT HISPANIC OR LATINO,FRA,PEMBRO,Pembrolizumab + Pemetrexed + Platinum,Pembrolizumab
MK-3475-189,KEYNOTE189_SIM-SITE018-0136,0136,SITE018,62,YEARS,<65,M,WHITE,NOT HISPANIC OR LATINO,USA,PEMBRO,Pembrolizumab + Pemetrexed + Platinum,Pembrolizumab
MK-3475-189,KEYNOTE189_SIM-SITE018-0243,0243,SITE018,75,YEARS,>=65,M,WHITE,HISPANIC OR LATINO,ISR,CONTROL,Placebo + Pemetrexed + Platinum,Control
MK-3475-189,KEYNOTE189_SIM-SITE018-0364,0364,SITE018,63,YEARS,<65,M,WHITE,NOT HISPANIC OR LATINO,DEU,CONTROL,Placebo + Pemetrexed + Platinum,Control
MK-3475-189,KEYNOTE189_SIM-SITE018-0409,0409,SITE018,65,YEARS,>=65,M,WHITE,NOT HISPANIC OR LATINO,USA,PEMBRO,Pembrolizumab + Pemetrexed + Platinum,Pembrolizumab
MK-3475-189,KEYNOTE189_SIM-SITE018-0442,0442,SITE018,63,YEARS,<65,M,WHITE,NOT HISPANIC OR LATINO,ITA,PEMBRO,Pembrolizumab + Pemetrexed + Platinum,Pembrolizumab
MK-3475-189,KEYNOTE189_SIM-SITE018-0457,0457,SITE018,75,YEARS,>=65,F,ASIAN,NOT HISPANIC OR LATINO,ISR,PEMBRO,Pembrolizumab + Pemetrexed + Platinum,Pembrolizumab
MK-3475-189,KEYNOTE189_SIM-SITE018-0588,0588,SITE018,75,YEARS,>=65,M,WHITE,NOT HISPANIC OR LATINO,FRA,PEMBRO,Pembrolizumab + Pemetrexed + Platinum,Pembrolizumab
MK-3475-189,KEYNOTE189_SIM-SITE018-0605,0605,SITE018,60,YEARS,<65,F,WHITE,HISPANIC OR LATINO,GBR,CONTROL,Placebo + Pemetrexed + Platinum,Control
MK-3475-189,KEYNOTE189_SIM-SITE018-0615,0615,SITE018,71,YEARS,>=65,M,WHITE,NOT HISPANIC OR LATINO,ESP,PEMBRO,Pembrolizumab + Pemetrexed + Platinum,Pembrolizumab
MK-3475-189,KEYNOTE189_SIM-SITE019-0031,0031,SITE019,59,YEARS,<65,F,ASIAN,NOT HISPANIC OR LATINO,KOR,PEMBRO,Pembrolizumab + Pemetrexed + Platinum,Pembrolizumab
MK-3475-189,KEYNOTE189_SIM-SITE019-0036,0036,SITE019,79,YEARS,>=65,F,WHITE,NOT HISPANIC OR LATINO,ISR,CONTROL,Placebo + Pemetrexed + Platinum,Control
MK-3475-189,KEYNOTE189_SIM-SITE019-0167,0167,SITE019,62,YEARS,<65,F,WHITE,NOT HISPANIC OR LATINO,USA,CONTROL,Placebo + Pemetrexed + Platinum,Control
MK-3475-189,KEYNOTE189_SIM-SITE019-0183,0183,SITE019,50,YEARS,<65,M,WHITE,NOT HISPANIC OR LATINO,USA,PEMBRO,Pembrolizumab + Pemetrexed + Platinum,Pembrolizumab
MK-3475-189,KEYNOTE189_SIM-SITE019-0210,0210,SITE019,57,YEARS,<65,F,WHITE,NOT HISPANIC OR LATINO,ITA,PEMBRO,Pembrolizumab + Pemetrexed + Platinum,Pembrolizumab
MK-3475-189,KEYNOTE189_SIM-SITE019-0247,0247,SITE019,62,YEARS,<65,M,ASIAN,NOT HISPANIC OR LATINO,GBR,PEMBRO,Pembrolizumab + Pemetrexed + Platinum,Pembrolizumab
MK-3475-189,KEYNOTE189_SIM-SITE019-0258,0258,SITE019,60,YEARS,<65,M,WHITE,NOT HISPANIC OR LATINO,ESP,CONTROL,Placebo + Pemetrexed + Platinum,Control
MK-3475-189,KEYNOTE189_SIM-SITE019-0394,0394,SITE019,77,YEARS,>=65,F,WHITE,NOT HISPANIC OR LATINO,FRA,CONTROL,Placebo + Pemetrexed + Platinum,Control
MK-3475-189,KEYNOTE189_SIM-SITE019-0412,0412,SITE019,64,YEARS,<65,F,WHITE,NOT HISPANIC OR LATINO,DEU,PEMBRO,Pembrolizumab + Pemetrexed + Platinum,Pembrolizumab
MK-3475-189,KEYNOTE189_SIM-SITE019-0520,0520,SITE019,63,YEARS,<65,F,WHITE,NOT HISPANIC OR LATINO,DEU,PEMBRO,Pembrolizumab + Pemetrexed + Platinum,Pembrolizumab
MK-3475-189,KEYNOTE189_SIM-SITE019-0524,0524,SITE019,60,YEARS,<65,M,WHITE,NOT HISPANIC OR LATINO,GBR,PEMBRO,Pembrolizumab + Pemetrexed + Platinum,Pembrolizumab
MK-3475-189,KEYNOTE189_SIM-SITE019-0587,0587,SITE019,68,YEARS,>=65,M,WHITE,NOT HISPANIC OR LATINO,DEU,PEMBRO,Pembrolizumab + Pemetrexed + Platinum,Pembrolizumab
MK-3475-189,KEYNOTE189_SIM-SITE020-0014,0014,SITE020,67,YEARS,>=65,F,WHITE,NOT HISPANIC OR LATINO,GBR,PEMBRO,Pembrolizumab + Pemetrexed + Platinum,Pembrolizumab
MK-3475-189,KEYNOTE189_SIM-SITE020-0122,0122,SITE020,88,YEARS,>=65,M,ASIAN,NOT HISPANIC OR LATINO,JPN,PEMBRO,Pembrolizumab + Pemetrexed + Platinum,Pembrolizumab
MK-3475-189,KEYNOTE189_SIM-SITE020-0162,0162,SITE020,70,YEARS,>=65,M,WHITE,NOT HISPANIC OR LATINO,DEU,CONTROL,Placebo + Pemetrexed + Platinum,Control
MK-3475-189,KEYNOTE189_SIM-SITE020-0190,0190,SITE020,57,YEARS,<65,M,WHITE,NOT HISPANIC OR LATINO,DEU,PEMBRO,Pembrolizumab + Pemetrexed + Platinum,Pembrolizumab
MK-3475-189,KEYNOTE189_SIM-SITE020-0291,0291,SITE020,76,YEARS,>=65,F,WHITE,NOT HISPANIC OR LATINO,ISR,CONTROL,Placebo + Pemetrexed + Platinum,Control
MK-3475-189,KEYNOTE189_SIM-SITE020-0298,0298,SITE020,67,YEARS,>=65,M,WHITE,NOT HISPANIC OR LATINO,ESP,PEMBRO,Pembrolizumab + Pemetrexed + Platinum,Pembrolizumab
MK-3475-189,KEYNOTE189_SIM-SITE020-0566,0566,SITE020,67,YEARS,>=65,F,WHITE,NOT HISPANIC OR LATINO,GBR,PEMBRO,Pembrolizumab + Pemetrexed + Platinum,Pembrolizumab
MK-3475-189,KEYNOTE189_SIM-SITE021-0076,0076,SITE021,81,YEARS,>=65,M,WHITE,NOT HISPANIC OR LATINO,FRA,PEMBRO,Pembrolizumab + Pemetrexed + Platinum,Pembrolizumab
MK-3475-189,KEYNOTE189_SIM-SITE021-0124,0124,SITE021,59,YEARS,<65,M,WHITE,NOT HISPANIC OR LATINO,ITA,PEMBRO,Pembrolizumab + Pemetrexed + Platinum,Pembrolizumab
MK-3475-189,KEYNOTE189_SIM-SITE021-0144,0144,SITE021,60,YEARS,<65,F,ASIAN,NOT HISPANIC OR LATINO,JPN,CONTROL,Placebo + Pemetrexed + Platinum,Control
MK-3475-189,KEYNOTE189_SIM-SITE021-0161,0161,SITE021,53,YEARS,<65,M,ASIAN,NOT HISPANIC OR LATINO,USA,PEMBRO,Pembrolizumab + Pemetrexed + Platinum,Pembrolizumab
MK-3475-189,KEYNOTE189_SIM-SITE021-0173,0173,SITE021,52,YEARS,<65,M,WHITE,NOT HISPANIC OR LATINO,USA,PEMBRO,Pembrolizumab + Pemetrexed + Platinum,Pembrolizumab
MK-3475-189,KEYNOTE189_SIM-SITE021-0179,0179,SITE021,49,YEARS,<65,M,WHITE,HISPANIC OR LATINO,USA,PEMBRO,Pembrolizumab + Pemetrexed + Platinum,Pembrolizumab
MK-3475-189,KEYNOTE189_SIM-SITE021-0236,0236,SITE021,73,YEARS,>=65,M,WHITE,NOT HISPANIC OR LATINO,FRA,PEMBRO,Pembrolizumab + Pemetrexed + Platinum,Pembrolizumab
MK-3475-189,KEYNOTE189_SIM-SITE021-0260,0260,SITE021,59,YEARS,<65,M,WHITE,NOT HISPANIC OR LATINO,FRA,PEMBRO,Pembrolizumab + Pemetrexed + Platinum,Pembrolizumab
MK-3475-189,KEYNOTE189_SIM-SITE021-0285,0285,SITE021,73,YEARS,>=65,M,WHITE,NOT HISPANIC OR LATINO,DEU,PEMBRO,Pembrolizumab + Pemetrexed + Platinum,Pembrolizumab
MK-3475-189,KEYNOTE189_SIM-SITE021-0359,0359,SITE021,65,YEARS,>=65,F,WHITE,NOT HISPANIC OR LATINO,ITA,PEMBRO,Pembrolizumab + Pemetrexed + Platinum,Pembrolizumab
MK-3475-189,KEYNOTE189_SIM-SITE021-0510,0510,SITE021,58,YEARS,<65,F,WHITE,NOT HISPANIC OR LATINO,AUS,PEMBRO,Pembrolizumab + Pemetrexed + Platinum,Pembrolizumab
MK-3475-189,KEYNOTE189_SIM-SITE021-0514,0514,SITE021,61,YEARS,<65,F,WHITE,NOT HISPANIC OR LATINO,USA,PEMBRO,Pembrolizumab + Pemetrexed + Platinum,Pembrolizumab
MK-3475-189,KEYNOTE189_SIM-SITE022-0195,0195,SITE022,51,YEARS,<65,F,ASIAN,NOT HISPANIC OR LATINO,KOR,CONTROL,Placebo + Pemetrexed + Platinum,Control
MK-3475-189,KEYNOTE189_SIM-SITE022-0220,0220,SITE022,66,YEARS,>=65,M,WHITE,NOT HISPANIC OR LATINO,DEU,CONTROL,Placebo + Pemetrexed + Platinum,Control
MK-3475-189,KEYNOTE189_SIM-SITE022-0221,0221,SITE022,69,YEARS,>=65,M,WHITE,NOT HISPANIC OR LATINO,DEU,PEMBRO,Pembrolizumab + Pemetrexed + Platinum,Pembrolizumab
MK-3475-189,KEYNOTE189_SIM-SITE022-0346,0346,SITE022,88,YEARS,>=65,F,WHITE,NOT HISPANIC OR LATINO,GBR,CONTROL,Placebo + Pemetrexed + Platinum,Control
MK-3475-189,KEYNOTE189_SIM-SITE022-0377,0377,SITE022,63,YEARS,<65,M,WHITE,NOT HISPANIC OR LATINO,USA,CONTROL,Placebo + Pemetrexed + Platinum,Control
MK-3475-189,KEYNOTE189_SIM-SITE022-0448,0448,SITE022,63,YEARS,<65,F,WHITE,NOT HISPANIC OR LATINO,DEU,PEMBRO,Pembrolizumab + Pemetrexed + Platinum,Pembrolizumab
MK-3475-189,KEYNOTE189_SIM-SITE022-0462,0462,SITE022,59,YEARS,<65,M,WHITE,NOT HISPANIC OR LATINO,DEU,PEMBRO,Pembrolizumab + Pemetrexed + Platinum,Pembrolizumab
MK-3475-189,KEYNOTE189_SIM-SITE022-0519,0519,SITE022,80,YEARS,>=65,F,WHITE,NOT HISPANIC OR LATINO,AUS,PEMBRO,Pembrolizumab + Pemetrexed + Platinum,Pembrolizumab
MK-3475-189,KEYNOTE189_SIM-SITE022-0534,0534,SITE022,57,YEARS,<65,M,WHITE,NOT HISPANIC OR LATINO,DEU,PEMBRO,Pembrolizumab + Pemetrexed + Platinum,Pembrolizumab
MK-3475-189,KEYNOTE189_SIM-SITE022-0614,0614,SITE022,49,YEARS,<65,M,WHITE,NOT HISPANIC OR LATINO,FRA,PEMBRO,Pembrolizumab + Pemetrexed + Platinum,Pembrolizumab
MK-3475-189,KEYNOTE189_SIM-SITE023-0171,0171,SITE023,67,YEARS,>=65,M,WHITE,NOT HISPANIC OR LATINO,USA,PEMBRO,Pembrolizumab + Pemetrexed + Platinum,Pembrolizumab
MK-3475-189,KEYNOTE189_SIM-SITE023-0192,0192,SITE023,60,YEARS,<65,M,WHITE,NOT HISPANIC OR LATINO,ISR,CONTROL,Placebo + Pemetrexed + Platinum,Control
MK-3475-189,KEYNOTE189_SIM-SITE023-0405,0405,SITE023,58,YEARS,<65,F,WHITE,NOT HISPANIC OR LATINO,ESP,PEMBRO,Pembrolizumab + Pemetrexed + Platinum,Pembrolizumab
MK-3475-189,KEYNOTE189_SIM-SITE023-0507,0507,SITE023,77,YEARS,>=65,M,WHITE,NOT HISPANIC OR LATINO,ITA,PEMBRO,Pembrolizumab + Pemetrexed + Platinum,Pembrolizumab
MK-3475-189,KEYNOTE189_SIM-SITE023-0581,0581,SITE023,55,YEARS,<65,M,WHITE,NOT HISPANIC OR LATINO,USA,PEMBRO,Pembrolizumab + Pemetrexed + Platinum,Pembrolizumab
MK-3475-189,KEYNOTE189_SIM-SITE024-0001,0001,SITE024,61,YEARS,<65,M,WHITE,HISPANIC OR LATINO,USA,CONTROL,Placebo + Pemetrexed + Platinum,Control
MK-3475-189,KEYNOTE189_SIM-SITE024-0094,0094,SITE024,70,YEARS,>=65,M,ASIAN,NOT HISPANIC OR LATINO,JPN,PEMBRO,Pembrolizumab + Pemetrexed + Platinum,Pembrolizumab
MK-3475-189,KEYNOTE189_SIM-SITE024-0170,0170,SITE024,60,YEARS,<65,M,WHITE,NOT HISPANIC OR LATINO,USA,PEMBRO,Pembrolizumab + Pemetrexed + Platinum,Pembrolizumab
MK-3475-189,KEYNOTE189_SIM-SITE024-0176,0176,SITE024,57,YEARS,<65,M,WHITE,NOT HISPANIC OR LATINO,GBR,PEMBRO,Pembrolizumab + Pemetrexed + Platinum,Pembrolizumab
MK-3475-189,KEYNOTE189_SIM-SITE024-0242,0242,SITE024,70,YEARS,>=65,M,WHITE,NOT HISPANIC OR LATINO,USA,CONTROL,Placebo + Pemetrexed + Platinum,Control
MK-3475-189,KEYNOTE189_SIM-SITE024-0299,0299,SITE024,59,YEARS,<65,F,WHITE,NOT HISPANIC OR LATINO,GBR,CONTROL,Placebo + Pemetrexed + Platinum,Control
MK-3475-189,KEYNOTE189_SIM-SITE024-0390,0390,SITE024,62,YEARS,<65,M,WHITE,HISPANIC OR LATINO,ESP,PEMBRO,Pembrolizumab + Pemetrexed + Platinum,Pembrolizumab
MK-3475-189,KEYNOTE189_SIM-SITE024-0526,0526,SITE024,55,YEARS,<65,M,ASIAN,NOT HISPANIC OR LATINO,KOR,PEMBRO,Pembrolizumab + Pemetrexed + Platinum,Pembrolizumab
MK-3475-189,KEYNOTE189_SIM-SITE024-0558,0558,SITE024,71,YEARS,>=65,M,WHITE,NOT HISPANIC OR LATINO,USA,PEMBRO,Pembrolizumab + Pemetrexed + Platinum,Pembrolizumab
MK-3475-189,KEYNOTE189_SIM-SITE024-0562,0562,SITE024,43,YEARS,<65,M,WHITE,NOT HISPANIC OR LATINO,USA,PEMBRO,Pembrolizumab + Pemetrexed + Platinum,Pembrolizumab
MK-3475-189,KEYNOTE189_SIM-SITE024-0575,0575,SITE024,73,YEARS,>=65,M,WHITE,NOT HISPANIC OR LATINO,USA,CONTROL,Placebo + Pemetrexed + Platinum,Control
MK-3475-189,KEYNOTE189_SIM-SITE024-0580,0580,SITE024,62,YEARS,<65,M,BLACK OR AFRICAN AMERICAN,NOT HISPANIC OR LATINO,USA,PEMBRO,Pembrolizumab + Pemetrexed + Platinum,Pembrolizumab
MK-3475-189,KEYNOTE189_SIM-SITE025-0093,0093,SITE025,67,YEARS,>=65,M,ASIAN,NOT HISPANIC OR LATINO,KOR,PEMBRO,Pembrolizumab + Pemetrexed + Platinum,Pembrolizumab
MK-3475-189,KEYNOTE189_SIM-SITE025-0138,0138,SITE025,63,YEARS,<65,M,WHITE,NOT HISPANIC OR LATINO,USA,CONTROL,Placebo + Pemetrexed + Platinum,Control
MK-3475-189,KEYNOTE189_SIM-SITE025-0239,0239,SITE025,66,YEARS,>=65,M,WHITE,NOT HISPANIC OR LATINO,ESP,CONTROL,Placebo + Pemetrexed + Platinum,Control
MK-3475-189,KEYNOTE189_SIM-SITE025-0360,0360,SITE025,59,YEARS,<65,M,WHITE,NOT HISPANIC OR LATINO,ITA,PEMBRO,Pembrolizumab + Pemetrexed + Platinum,Pembrolizumab
MK-3475-189,KEYNOTE189_SIM-SITE025-0396,0396,SITE025,66,YEARS,>=65,F,WHITE,NOT HISPANIC OR LATINO,ITA,PEMBRO,Pembrolizumab + Pemetrexed + Platinum,Pembrolizumab
MK-3475-189,KEYNOTE189_SIM-SITE025-0397,0397,SITE025,60,YEARS,<65,F,ASIAN,NOT HISPANIC OR LATINO,USA,CONTROL,Placebo + Pemetrexed + Platinum,Control
MK-3475-189,KEYNOTE189_SIM-SITE025-0590,0590,SITE025,84,YEARS,>=65,M,WHITE,NOT HISPANIC OR LATINO,USA,CONTROL,Placebo + Pemetrexed + Platinum,Control
MK-3475-189,KEYNOTE189_SIM-SITE026-0142,0142,SITE026,47,YEARS,<65,M,WHITE,NOT HISPANIC OR LATINO,DEU,PEMBRO,Pembrolizumab + Pemetrexed + Platinum,Pembrolizumab
MK-3475-189,KEYNOTE189_SIM-SITE026-0159,0159,SITE026,55,YEARS,<65,F,OTHER,NOT HISPANIC OR LATINO,USA,CONTROL,Placebo + Pemetrexed + Platinum,Control
MK-3475-189,KEYNOTE189_SIM-SITE026-0205,0205,SITE026,66,YEARS,>=65,M,WHITE,NOT HISPANIC OR LATINO,DEU,PEMBRO,Pembrolizumab + Pemetrexed + Platinum,Pembrolizumab
MK-3475-189,KEYNOTE189_SIM-SITE026-0418,0418,SITE026,58,YEARS,<65,M,ASIAN,NOT HISPANIC OR LATINO,JPN,PEMBRO,Pembrolizumab + Pemetrexed + Platinum,Pembrolizumab
MK-3475-189,KEYNOTE189_SIM-SITE026-0460,0460,SITE026,56,YEARS,<65,F,WHITE,NOT HISPANIC OR LATINO,USA,CONTROL,Placebo + Pemetrexed + Platinum,Control
MK-3475-189,KEYNOTE189_SIM-SITE026-0500,0500,SITE026,56,YEARS,<65,M,WHITE,NOT HISPANIC OR LATINO,GBR,CONTROL,Placebo + Pemetrexed + Platinum,Control
MK-3475-189,KEYNOTE189_SIM-SITE026-0506,0506,SITE026,63,YEARS,<65,M,WHITE,NOT HISPANIC OR LATINO,ESP,PEMBRO,Pembrolizumab + Pemetrexed + Platinum,Pembrolizumab
MK-3475-189,KEYNOTE189_SIM-SITE026-0536,0536,SITE026,59,YEARS,<65,F,WHITE,NOT HISPANIC OR LATINO,FRA,CONTROL,Placebo + Pemetrexed + Platinum,Control
MK-3475-189,KEYNOTE189_SIM-SITE026-0553,0553,SITE026,52,YEARS,<65,M,WHITE,NOT HISPANIC OR LATINO,ESP,PEMBRO,Pembrolizumab + Pemetrexed + Platinum,Pembrolizumab
MK-3475-189,KEYNOTE189_SIM-SITE027-0043,0043,SITE027,49,YEARS,<65,F,WHITE,NOT HISPANIC OR LATINO,DEU,PEMBRO,Pembrolizumab + Pemetrexed + Platinum,Pembrolizumab
MK-3475-189,KEYNOTE189_SIM-SITE027-0084,0084,SITE027,69,YEARS,>=65,F,WHITE,NOT HISPANIC OR LATINO,USA,CONTROL,Placebo + Pemetrexed + Platinum,Control
MK-3475-189,KEYNOTE189_SIM-SITE027-0110,0110,SITE027,51,YEARS,<65,M,WHITE,NOT HISPANIC OR LATINO,USA,PEMBRO,Pembrolizumab + Pemetrexed + Platinum,Pembrolizumab
MK-3475-189,KEYNOTE189_SIM-SITE027-0168,0168,SITE027,55,YEARS,<65,M,WHITE,NOT HISPANIC OR LATINO,FRA,CONTROL,Placebo + Pemetrexed + Platinum,Control
MK-3475-189,KEYNOTE189_SIM-SITE027-0191,0191,SITE027,64,YEARS,<65,M,WHITE,HISPANIC OR LATINO,ESP,PEMBRO,Pembrolizumab + Pemetrexed + Platinum,Pembrolizumab
MK-3475-189,KEYNOTE189_SIM-SITE027-0199,0199,SITE027,60,YEARS,<65,F,WHITE,NOT HISPANIC OR LATINO,USA,PEMBRO,Pembrolizumab + Pemetrexed + Platinum,Pembrolizumab
MK-3475-189,KEYNOTE189_SIM-SITE027-0204,0204,SITE027,65,YEARS,>=65,M,WHITE,NOT HISPANIC OR LATINO,USA,PEMBRO,Pembrolizumab + Pemetrexed + Platinum,Pembrolizumab
MK-3475-189,KEYNOTE189_SIM-SITE027-0224,0224,SITE027,58,YEARS,<65,M,WHITE,NOT HISPANIC OR LATINO,DEU,PEMBRO,Pembrolizumab + Pemetrexed + Platinum,Pembrolizumab
MK-3475-189,KEYNOTE189_SIM-SITE027-0282,0282,SITE027,65,YEARS,>=65,F,ASIAN,NOT HISPANIC OR LATINO,KOR,PEMBRO,Pembrolizumab + Pemetrexed + Platinum,Pembrolizumab
MK-3475-189,KEYNOTE189_SIM-SITE027-0284,0284,SITE027,60,YEARS,<65,F,WHITE,NOT HISPANIC OR LATINO,USA,PEMBRO,Pembrolizumab + Pemetrexed + Platinum,Pembrolizumab
MK-3475-189,KEYNOTE189_SIM-SITE027-0345,0345,SITE027,61,YEARS,<65,M,WHITE,NOT HISPANIC OR LATINO,AUS,PEMBRO,Pembrolizumab + Pemetrexed + Platinum,Pembrolizumab
MK-3475-189,KEYNOTE189_SIM-SITE027-0470,0470,SITE027,56,YEARS,<65,M,WHITE,NOT HISPANIC OR LATINO,DEU,PEMBRO,Pembrolizumab + Pemetrexed + Platinum,Pembrolizumab
MK-3475-189,KEYNOTE189_SIM-SITE027-0508,0508,SITE027,54,YEARS,<65,F,WHITE,NOT HISPANIC OR LATINO,GBR,PEMBRO,Pembrolizumab + Pemetrexed + Platinum,Pembrolizumab
MK-3475-189,KEYNOTE189_SIM-SITE027-0543,0543,SITE027,57,YEARS,<65,M,ASIAN,NOT HISPANIC OR LATINO,KOR,PEMBRO,Pembrolizumab + Pemetrexed + Platinum,Pembrolizumab
MK-3475-189,KEYNOTE189_SIM-SITE028-0206,0206,SITE028,57,YEARS,<65,F,ASIAN,NOT HISPANIC OR LATINO,JPN,PEMBRO,Pembrolizumab + Pemetrexed + Platinum,Pembrolizumab
MK-3475-189,KEYNOTE189_SIM-SITE028-0380,0380,SITE028,52,YEARS,<65,M,WHITE,NOT HISPANIC OR LATINO,ITA,PEMBRO,Pembrolizumab + Pemetrexed + Platinum,Pembrolizumab
MK-3475-189,KEYNOTE189_SIM-SITE028-0474,0474,SITE028,55,YEARS,<65,M,WHITE,NOT HISPANIC OR LATINO,FRA,CONTROL,Placebo + Pemetrexed + Platinum,Control
MK-3475-189,KEYNOTE189_SIM-SITE028-0544,0544,SITE028,55,YEARS,<65,M,WHITE,NOT HISPANIC OR LATINO,FRA,PEMBRO,Pembrolizumab + Pemetrexed + Platinum,Pembrolizumab
MK-3475-189,KEYNOTE189_SIM-SITE028-0549,0549,SITE028,59,YEARS,<65,M,BLACK OR AFRICAN AMERICAN,HISPANIC OR LATINO,USA,PEMBRO,Pembrolizumab + Pemetrexed + Platinum,Pembrolizumab
MK-3475-189,KEYNOTE189_SIM-SITE029-0072,0072,SITE029,49,YEARS,<65,M,WHITE,NOT HISPANIC OR LATINO,DEU,CONTROL,Placebo + Pemetrexed + Platinum,Control
MK-3475-189,KEYNOTE189_SIM-SITE029-0128,0128,SITE029,75,YEARS,>=65,M,WHITE,NOT HISPANIC OR LATINO,USA,PEMBRO,Pembrolizumab + Pemetrexed + Platinum,Pembrolizumab
MK-3475-189,KEYNOTE189_SIM-SITE029-0184,0184,SITE029,51,YEARS,<65,M,WHITE,NOT HISPANIC OR LATINO,ESP,CONTROL,Placebo + Pemetrexed + Platinum,Control
MK-3475-189,KEYNOTE189_SIM-SITE029-0244,0244,SITE029,62,YEARS,<65,M,WHITE,NOT HISPANIC OR LATINO,ESP,PEMBRO,Pembrolizumab + Pemetrexed + Platinum,Pembrolizumab
MK-3475-189,KEYNOTE189_SIM-SITE029-0251,0251,SITE029,78,YEARS,>=65,F,WHITE,NOT HISPANIC OR LATINO,USA,PEMBRO,Pembrolizumab + Pemetrexed + Platinum,Pembrolizumab
MK-3475-189,KEYNOTE189_SIM-SITE029-0314,0314,SITE029,55,YEARS,<65,M,WHITE,NOT HISPANIC OR LATINO,ESP,PEMBRO,Pembrolizumab + Pemetrexed + Platinum,Pembrolizumab
MK-3475-189,KEYNOTE189_SIM-SITE029-0374,0374,SITE029,64,YEARS,<65,F,WHITE,NOT HISPANIC OR LATINO,ESP,PEMBRO,Pembrolizumab + Pemetrexed + Platinum,Pembrolizumab
MK-3475-189,KEYNOTE189_SIM-SITE029-0391,0391,SITE029,70,YEARS,>=65,F,WHITE,NOT HISPANIC OR LATINO,ESP,CONTROL,Placebo + Pemetrexed + Platinum,Control
MK-3475-189,KEYNOTE189_SIM-SITE029-0424,0424,SITE029,73,YEARS,>=65,M,WHITE,NOT HISPANIC OR LATINO,DEU,CONTROL,Placebo + Pemetrexed + Platinum,Control
MK-3475-189,KEYNOTE189_SIM-SITE029-0425,0425,SITE029,55,YEARS,<65,F,WHITE,NOT HISPANIC OR LATINO,ITA,PEMBRO,Pembrolizumab + Pemetrexed + Platinum,Pembrolizumab
MK-3475-189,KEYNOTE189_SIM-SITE030-0026,0026,SITE030,82,YEARS,>=65,M,WHITE,NOT HISPANIC OR LATINO,ITA,PEMBRO,Pembrolizumab + Pemetrexed + Platinum,Pembrolizumab
MK-3475-189,KEYNOTE189_SIM-SITE030-0041,0041,SITE030,73,YEARS,>=65,F,ASIAN,NOT HISPANIC OR LATINO,JPN,CONTROL,Placebo + Pemetrexed + Platinum,Control
MK-3475-189,KEYNOTE189_SIM-SITE030-0074,0074,SITE030,66,YEARS,>=65,M,WHITE,NOT HISPANIC OR LATINO,ITA,PEMBRO,Pembrolizumab + Pemetrexed + Platinum,Pembrolizumab
MK-3475-189,KEYNOTE189_SIM-SITE030-0134,0134,SITE030,50,YEARS,<65,M,WHITE,NOT HISPANIC OR LATINO,GBR,CONTROL,Placebo + Pemetrexed + Platinum,Control
MK-3475-189,KEYNOTE189_SIM-SITE030-0164,0164,SITE030,63,YEARS,<65,M,WHITE,NOT HISPANIC OR LATINO,DEU,PEMBRO,Pembrolizumab + Pemetrexed + Platinum,Pembrolizumab
MK-3475-189,KEYNOTE189_SIM-SITE030-0263,0263,SITE030,70,YEARS,>=65,F,WHITE,NOT HISPANIC OR LATINO,FRA,CONTROL,Placebo + Pemetrexed + Platinum,Control
MK-3475-189,KEYNOTE189_SIM-SITE030-0325,0325,SITE030,63,YEARS,<65,M,WHITE,NOT HISPANIC OR LATINO,ITA,PEMBRO,Pembrolizumab + Pemetrexed + Platinum,Pembrolizumab
MK-3475-189,KEYNOTE189_SIM-SITE030-0334,0334,SITE030,59,YEARS,<65,F,WHITE,NOT HISPANIC OR LATINO,FRA,PEMBRO,Pembrolizumab + Pemetrexed + Platinum,Pembrolizumab
MK-3475-189,KEYNOTE189_SIM-SITE030-0387,0387,SITE030,69,YEARS,>=65,F,WHITE,NOT HISPANIC OR LATINO,ITA,PEMBRO,Pembrolizumab + Pemetrexed + Platinum,Pembrolizumab
MK-3475-189,KEYNOTE189_SIM-SITE030-0440,0440,SITE030,75,YEARS,>=65,F,ASIAN,HISPANIC OR LATINO,JPN,PEMBRO,Pembrolizumab + Pemetrexed + Platinum,Pembrolizumab
MK-3475-189,KEYNOTE189_SIM-SITE030-0453,0453,SITE030,77,YEARS,>=65,F,WHITE,NOT HISPANIC OR LATINO,GBR,CONTROL,Placebo + Pemetrexed + Platinum,Control
MK-3475-189,KEYNOTE189_SIM-SITE030-0613,0613,SITE030,64,YEARS,<65,F,ASIAN,NOT HISPANIC OR LATINO,JPN,PEMBRO,Pembrolizumab + Pemetrexed + Platinum,Pembrolizumab
MK-3475-189,KEYNOTE189_SIM-SITE031-0054,0054,SITE031,62,YEARS,<65,F,WHITE,NOT HISPANIC OR LATINO,GBR,PEMBRO,Pembrolizumab + Pemetrexed + Platinum,Pembrolizumab
MK-3475-189,KEYNOTE189_SIM-SITE031-0089,0089,SITE031,76,YEARS,>=65,M,WHITE,NOT HISPANIC OR LATINO,ESP,PEMBRO,Pembrolizumab + Pemetrexed + Platinum,Pembrolizumab
MK-3475-189,KEYNOTE189_SIM-SITE031-0090,0090,SITE031,88,YEARS,>=65,M,WHITE,NOT HISPANIC OR LATINO,DEU,CONTROL,Placebo + Pemetrexed + Platinum,Control
MK-3475-189,KEYNOTE189_SIM-SITE031-0180,0180,SITE031,69,YEARS,>=65,M,ASIAN,NOT HISPANIC OR LATINO,KOR,CONTROL,Placebo + Pemetrexed + Platinum,Control
MK-3475-189,KEYNOTE189_SIM-SITE031-0212,0212,SITE031,43,YEARS,<65,M,WHITE,NOT HISPANIC OR LATINO,ESP,CONTROL,Placebo + Pemetrexed + Platinum,Control
MK-3475-189,KEYNOTE189_SIM-SITE031-0235,0235,SITE031,44,YEARS,<65,M,WHITE,NOT HISPANIC OR LATINO,ESP,PEMBRO,Pembrolizumab + Pemetrexed + Platinum,Pembrolizumab
MK-3475-189,KEYNOTE189_SIM-SITE031-0261,0261,SITE031,63,YEARS,<65,F,ASIAN,NOT HISPANIC OR LATINO,JPN,CONTROL,Placebo + Pemetrexed + Platinum,Control
MK-3475-189,KEYNOTE189_SIM-SITE031-0369,0369,SITE031,64,YEARS,<65,M,ASIAN,NOT HISPANIC OR LATINO,JPN,PEMBRO,Pembrolizumab + Pemetrexed + Platinum,Pembrolizumab
MK-3475-189,KEYNOTE189_SIM-SITE031-0372,0372,SITE031,50,YEARS,<65,F,WHITE,NOT HISPANIC OR LATINO,USA,PEMBRO,Pembrolizumab + Pemetrexed + Platinum,Pembrolizumab
MK-3475-189,KEYNOTE189_SIM-SITE031-0410,0410,SITE031,70,YEARS,>=65,F,WHITE,NOT HISPANIC OR LATINO,GBR,PEMBRO,Pembrolizumab + Pemetrexed + Platinum,Pembrolizumab
MK-3475-189,KEYNOTE189_SIM-SITE031-0447,0447,SITE031,59,YEARS,<65,M,WHITE,NOT HISPANIC OR LATINO,USA,PEMBRO,Pembrolizumab + Pemetrexed + Platinum,Pembrolizumab
MK-3475-189,KEYNOTE189_SIM-SITE031-0455,0455,SITE031,63,YEARS,<65,M,WHITE,NOT HISPANIC OR LATINO,DEU,PEMBRO,Pembrolizumab + Pemetrexed + Platinum,Pembrolizumab
MK-3475-189,KEYNOTE189_SIM-SITE031-0493,0493,SITE031,62,YEARS,<65,M,WHITE,NOT HISPANIC OR LATINO,DEU,PEMBRO,Pembrolizumab + Pemetrexed + Platinum,Pembrolizumab
MK-3475-189,KEYNOTE189_SIM-SITE031-0556,0556,SITE031,78,YEARS,>=65,M,WHITE,NOT HISPANIC OR LATINO,GBR,CONTROL,Placebo + Pemetrexed + Platinum,Control
MK-3475-189,KEYNOTE189_SIM-SITE032-0069,0069,SITE032,70,YEARS,>=65,M,ASIAN,NOT HISPANIC OR LATINO,JPN,PEMBRO,Pembrolizumab + Pemetrexed + Platinum,Pembrolizumab
MK-3475-189,KEYNOTE189_SIM-SITE032-0106,0106,SITE032,47,YEARS,<65,M,WHITE,NOT HISPANIC OR LATINO,USA,CONTROL,Placebo + Pemetrexed + Platinum,Control
MK-3475-189,KEYNOTE189_SIM-SITE032-0153,0153,SITE032,81,YEARS,>=65,M,WHITE,NOT HISPANIC OR LATINO,GBR,PEMBRO,Pembrolizumab + Pemetrexed + Platinum,Pembrolizumab
MK-3475-189,KEYNOTE189_SIM-SITE032-0158,0158,SITE032,73,YEARS,>=65,M,ASIAN,NOT HISPANIC OR LATINO,JPN,CONTROL,Placebo + Pemetrexed + Platinum,Control
MK-3475-189,KEYNOTE189_SIM-SITE032-0213,0213,SITE032,55,YEARS,<65,M,WHITE,NOT HISPANIC OR LATINO,ESP,PEMBRO,Pembrolizumab + Pemetrexed + Platinum,Pembrolizumab
MK-3475-189,KEYNOTE189_SIM-SITE032-0278,0278,SITE032,71,YEARS,>=65,M,WHITE,NOT HISPANIC OR LATINO,ISR,PEMBRO,Pembrolizumab + Pemetrexed + Platinum,Pembrolizumab
MK-3475-189,KEYNOTE189_SIM-SITE032-0283,0283,SITE032,87,YEARS,>=65,M,WHITE,NOT HISPANIC OR LATINO,USA,PEMBRO,Pembrolizumab + Pemetrexed + Platinum,Pembrolizumab
MK-3475-189,KEYNOTE189_SIM-SITE032-0351,0351,SITE032,53,YEARS,<65,F,WHITE,NOT HISPANIC OR LATINO,DEU,PEMBRO,Pembrolizumab + Pemetrexed + Platinum,Pembrolizumab
MK-3475-189,KEYNOTE189_SIM-SITE032-0358,0358,SITE032,67,YEARS,>=65,F,WHITE,HISPANIC OR LATINO,ITA,PEMBRO,Pembrolizumab + Pemetrexed + Platinum,Pembrolizumab
MK-3475-189,KEYNOTE189_SIM-SITE032-0368,0368,SITE032,66,YEARS,>=65,M,WHITE,NOT HISPANIC OR LATINO,ESP,PEMBRO,Pembrolizumab + Pemetrexed + Platinum,Pembrolizumab
MK-3475-189,KEYNOTE189_SIM-SITE032-0406,0406,SITE032,51,YEARS,<65,F,WHITE,NOT HISPANIC OR LATINO,GBR,PEMBRO,Pembrolizumab + Pemetrexed + Platinum,Pembrolizumab
MK-3475-189,KEYNOTE189_SIM-SITE032-0456,0456,SITE032,62,YEARS,<65,M,WHITE,NOT HISPANIC OR LATINO,DEU,CONTROL,Placebo + Pemetrexed + Platinum,Control
MK-3475-189,KEYNOTE189_SIM-SITE032-0488,0488,SITE032,64,YEARS,<65,M,WHITE,NOT HISPANIC OR LATINO,FRA,PEMBRO,Pembrolizumab + Pemetrexed + Platinum,Pembrolizumab
MK-3475-189,KEYNOTE189_SIM-SITE032-0528,0528,SITE032,55,YEARS,<65,M,WHITE,NOT HISPANIC OR LATINO,DEU,PEMBRO,Pembrolizumab + Pemetrexed + Platinum,Pembrolizumab
MK-3475-189,KEYNOTE189_SIM-SITE032-0564,0564,SITE032,57,YEARS,<65,M,ASIAN,NOT HISPANIC OR LATINO,KOR,PEMBRO,Pembrolizumab + Pemetrexed + Platinum,Pembrolizumab
MK-3475-189,KEYNOTE189_SIM-SITE033-0143,0143,SITE033,56,YEARS,<65,F,WHITE,NOT HISPANIC OR LATINO,ITA,PEMBRO,Pembrolizumab + Pemetrexed + Platinum,Pembrolizumab
MK-3475-189,KEYNOTE189_SIM-SITE033-0246,0246,SITE033,71,YEARS,>=65,F,ASIAN,NOT HISPANIC OR LATINO,JPN,PEMBRO,Pembrolizumab + Pemetrexed + Platinum,Pembrolizumab
MK-3475-189,KEYNOTE189_SIM-SITE033-0249,0249,SITE033,57,YEARS,<65,M,WHITE,NOT HISPANIC OR LATINO,ITA,PEMBRO,Pembrolizumab + Pemetrexed + Platinum,Pembrolizumab
MK-3475-189,KEYNOTE189_SIM-SITE033-0256,0256,SITE033,63,YEARS,<65,M,WHITE,NOT HISPANIC OR LATINO,ESP,PEMBRO,Pembrolizumab + Pemetrexed + Platinum,Pembrolizumab
MK-3475-189,KEYNOTE189_SIM-SITE033-0302,0302,SITE033,59,YEARS,<65,M,WHITE,NOT HISPANIC OR LATINO,AUS,PEMBRO,Pembrolizumab + Pemetrexed + Platinum,Pembrolizumab
MK-3475-189,KEYNOTE189_SIM-SITE033-0352,0352,SITE033,72,YEARS,>=65,F,WHITE,NOT HISPANIC OR LATINO,USA,PEMBRO,Pembrolizumab + Pemetrexed + Platinum,Pembrolizumab
MK-3475-189,KEYNOTE189_SIM-SITE033-0408,0408,SITE033,62,YEARS,<65,M,ASIAN,NOT HISPANIC OR LATINO,KOR,PEMBRO,Pembrolizumab + Pemetrexed + Platinum,Pembrolizumab
MK-3475-189,KEYNOTE189_SIM-SITE033-0525,0525,SITE033,72,YEARS,>=65,F,WHITE,NOT HISPANIC OR LATINO,ITA,CONTROL,Placebo + Pemetrexed + Platinum,Control
MK-3475-189,KEYNOTE189_SIM-SITE034-0035,0035,SITE034,65,YEARS,>=65,F,ASIAN,NOT HISPANIC OR LATINO,KOR,CONTROL,Placebo + Pemetrexed + Platinum,Control
MK-3475-189,KEYNOTE189_SIM-SITE034-0101,0101,SITE034,57,YEARS,<65,M,WHITE,NOT HISPANIC OR LATINO,DEU,PEMBRO,Pembrolizumab + Pemetrexed + Platinum,Pembrolizumab
MK-3475-189,KEYNOTE189_SIM-SITE034-0135,0135,SITE034,64,YEARS,<65,F,WHITE,NOT HISPANIC OR LATINO,USA,CONTROL,Placebo + Pemetrexed + Platinum,Control
MK-3475-189,KEYNOTE189_SIM-SITE034-0150,0150,SITE034,58,YEARS,<65,F,WHITE,NOT HISPANIC OR LATINO,USA,CONTROL,Placebo + Pemetrexed + Platinum,Control
MK-3475-189,KEYNOTE189_SIM-SITE034-0189,0189,SITE034,63,YEARS,<65,M,WHITE,NOT HISPANIC OR LATINO,GBR,PEMBRO,Pembrolizumab + Pemetrexed + Platinum,Pembrolizumab
MK-3475-189,KEYNOTE189_SIM-SITE034-0270,0270,SITE034,54,YEARS,<65,M,BLACK OR AFRICAN AMERICAN,NOT HISPANIC OR LATINO,USA,PEMBRO,Pembrolizumab + Pemetrexed + Platinum,Pembrolizumab
MK-3475-189,KEYNOTE189_SIM-SITE034-0464,0464,SITE034,71,YEARS,>=65,M,WHITE,NOT HISPANIC OR LATINO,USA,CONTROL,Placebo + Pemetrexed + Platinum,Control
MK-3475-189,KEYNOTE189_SIM-SITE034-0499,0499,SITE034,74,YEARS,>=65,M,OTHER,NOT HISPANIC OR LATINO,USA,PEMBRO,Pembrolizumab + Pemetrexed + Platinum,Pembrolizumab
MK-3475-189,KEYNOTE189_SIM-SITE034-0505,0505,SITE034,71,YEARS,>=65,F,WHITE,NOT HISPANIC OR LATINO,ESP,PEMBRO,Pembrolizumab + Pemetrexed + Platinum,Pembrolizumab
MK-3475-189,KEYNOTE189_SIM-SITE034-0546,0546,SITE034,48,YEARS,<65,M,WHITE,NOT HISPANIC OR LATINO,ESP,PEMBRO,Pembrolizumab + Pemetrexed + Platinum,Pembrolizumab
MK-3475-189,KEYNOTE189_SIM-SITE034-0565,0565,SITE034,67,YEARS,>=65,M,WHITE,NOT HISPANIC OR LATINO,USA,PEMBRO,Pembrolizumab + Pemetrexed + Platinum,Pembrolizumab
MK-3475-189,KEYNOTE189_SIM-SITE034-0616,0616,SITE034,88,YEARS,>=65,M,WHITE,NOT HISPANIC OR LATINO,USA,CONTROL,Placebo + Pemetrexed + Platinum,Control
MK-3475-189,KEYNOTE189_SIM-SITE035-0125,0125,SITE035,56,YEARS,<65,F,WHITE,NOT HISPANIC OR LATINO,FRA,PEMBRO,Pembrolizumab + Pemetrexed + Platinum,Pembrolizumab
MK-3475-189,KEYNOTE189_SIM-SITE035-0175,0175,SITE035,64,YEARS,<65,M,WHITE,NOT HISPANIC OR LATINO,GBR,CONTROL,Placebo + Pemetrexed + Platinum,Control
MK-3475-189,KEYNOTE189_SIM-SITE035-0196,0196,SITE035,51,YEARS,<65,F,WHITE,NOT HISPANIC OR LATINO,USA,PEMBRO,Pembrolizumab + Pemetrexed + Platinum,Pembrolizumab
MK-3475-189,KEYNOTE189_SIM-SITE035-0274,0274,SITE035,51,YEARS,<65,F,WHITE,HISPANIC OR LATINO,USA,PEMBRO,Pembrolizumab + Pemetrexed + Platinum,Pembrolizumab
MK-3475-189,KEYNOTE189_SIM-SITE035-0589,0589,SITE035,60,YEARS,<65,M,WHITE,NOT HISPANIC OR LATINO,DEU,CONTROL,Placebo + Pemetrexed + Platinum,Control
MK-3475-189,KEYNOTE189_SIM-SITE036-0055,0055,SITE036,55,YEARS,<65,F,WHITE,NOT HISPANIC OR LATINO,ITA,CONTROL,Placebo + Pemetrexed + Platinum,Control
MK-3475-189,KEYNOTE189_SIM-SITE036-0117,0117,SITE036,42,YEARS,<65,M,WHITE,NOT HISPANIC OR LATINO,USA,PEMBRO,Pembrolizumab + Pemetrexed + Platinum,Pembrolizumab
MK-3475-189,KEYNOTE189_SIM-SITE036-0126,0126,SITE036,56,YEARS,<65,M,WHITE,NOT HISPANIC OR LATINO,USA,PEMBRO,Pembrolizumab + Pemetrexed + Platinum,Pembrolizumab
MK-3475-189,KEYNOTE189_SIM-SITE036-0149,0149,SITE036,60,YEARS,<65,M,WHITE,HISPANIC OR LATINO,USA,CONTROL,Placebo + Pemetrexed + Platinum,Control
MK-3475-189,KEYNOTE189_SIM-SITE036-0292,0292,SITE036,72,YEARS,>=65,F,OTHER,NOT HISPANIC OR LATINO,USA,CONTROL,Placebo + Pemetrexed + Platinum,Control
MK-3475-189,KEYNOTE189_SIM-SITE036-0308,0308,SITE036,61,YEARS,<65,M,WHITE,NOT HISPANIC OR LATINO,ITA,PEMBRO,Pembrolizumab + Pemetrexed + Platinum,Pembrolizumab
MK-3475-189,KEYNOTE189_SIM-SITE036-0311,0311,SITE036,63,YEARS,<65,M,WHITE,NOT HISPANIC OR LATINO,ITA,PEMBRO,Pembrolizumab + Pemetrexed + Platinum,Pembrolizumab
MK-3475-189,KEYNOTE189_SIM-SITE036-0419,0419,SITE036,65,YEARS,>=65,M,WHITE,HISPANIC OR LATINO,FRA,PEMBRO,Pembrolizumab + Pemetrexed + Platinum,Pembrolizumab
MK-3475-189,KEYNOTE189_SIM-SITE036-0420,0420,SITE036,61,YEARS,<65,M,WHITE,NOT HISPANIC OR LATINO,ISR,PEMBRO,Pembrolizumab + Pemetrexed + Platinum,Pembrolizumab
MK-3475-189,KEYNOTE189_SIM-SITE036-0458,0458,SITE036,62,YEARS,<65,F,WHITE,NOT HISPANIC OR LATINO,USA,CONTROL,Placebo + Pemetrexed + Platinum,Control
MK-3475-189,KEYNOTE189_SIM-SITE036-0459,0459,SITE036,77,YEARS,>=65,M,WHITE,HISPANIC OR LATINO,DEU,PEMBRO,Pembrolizumab + Pemetrexed + Platinum,Pembrolizumab
MK-3475-189,KEYNOTE189_SIM-SITE036-0503,0503,SITE036,54,YEARS,<65,F,WHITE,NOT HISPANIC OR LATINO,GBR,CONTROL,Placebo + Pemetrexed + Platinum,Control
MK-3475-189,KEYNOTE189_SIM-SITE036-0533,0533,SITE036,51,YEARS,<65,F,WHITE,NOT HISPANIC OR LATINO,ISR,PEMBRO,Pembrolizumab + Pemetrexed + Platinum,Pembrolizumab
MK-3475-189,KEYNOTE189_SIM-SITE036-0538,0538,SITE036,56,YEARS,<65,M,WHITE,NOT HISPANIC OR LATINO,USA,PEMBRO,Pembrolizumab + Pemetrexed + Platinum,Pembrolizumab
MK-3475-189,KEYNOTE189_SIM-SITE036-0559,0559,SITE036,67,YEARS,>=65,M,WHITE,NOT HISPANIC OR LATINO,USA,PEMBRO,Pembrolizumab + Pemetrexed + Platinum,Pembrolizumab
MK-3475-189,KEYNOTE189_SIM-SITE036-0576,0576,SITE036,67,YEARS,>=65,F,WHITE,NOT HISPANIC OR LATINO,ESP,CONTROL,Placebo + Pemetrexed + Platinum,Control
MK-3475-189,KEYNOTE189_SIM-SITE037-0048,0048,SITE037,56,YEARS,<65,M,WHITE,NOT HISPANIC OR LATINO,DEU,PEMBRO,Pembrolizumab + Pemetrexed + Platinum,Pembrolizumab
MK-3475-189,KEYNOTE189_SIM-SITE037-0112,0112,SITE037,85,YEARS,>=65,M,WHITE,NOT HISPANIC OR LATINO,DEU,PEMBRO,Pembrolizumab + Pemetrexed + Platinum,Pembrolizumab
MK-3475-189,KEYNOTE189_SIM-SITE037-0147,0147,SITE037,62,YEARS,<65,M,WHITE,NOT HISPANIC OR LATINO,DEU,CONTROL,Placebo + Pemetrexed + Platinum,Control
MK-3475-189,KEYNOTE189_SIM-SITE037-0340,0340,SITE037,56,YEARS,<65,M,WHITE,NOT HISPANIC OR LATINO,DEU,PEMBRO,Pembrolizumab + Pemetrexed + Platinum,Pembrolizumab
MK-3475-189,KEYNOTE189_SIM-SITE037-0363,0363,SITE037,57,YEARS,<65,M,WHITE,NOT HISPANIC OR LATINO,USA,PEMBRO,Pembrolizumab + Pemetrexed + Platinum,Pembrolizumab
MK-3475-189,KEYNOTE189_SIM-SITE037-0518,0518,SITE037,54,YEARS,<65,M,WHITE,NOT HISPANIC OR LATINO,ITA,CONTROL,Placebo + Pemetrexed + Platinum,Control
MK-3475-189,KEYNOTE189_SIM-SITE037-0540,0540,SITE037,68,YEARS,>=65,F,WHITE,NOT HISPANIC OR LATINO,FRA,CONTROL,Placebo + Pemetrexed + Platinum,Control
MK-3475-189,KEYNOTE189_SIM-SITE037-0573,0573,SITE037,56,YEARS,<65,F,WHITE,NOT HISPANIC OR LATINO,ESP,PEMBRO,Pembrolizumab + Pemetrexed + Platinum,Pembrolizumab
MK-3475-189,KEYNOTE189_SIM-SITE038-0027,0027,SITE038,67,YEARS,>=65,F,WHITE,NOT HISPANIC OR LATINO,ITA,PEMBRO,Pembrolizumab + Pemetrexed + Platinum,Pembrolizumab
MK-3475-189,KEYNOTE189_SIM-SITE038-0068,0068,SITE038,65,YEARS,>=65,M,WHITE,NOT HISPANIC OR LATINO,USA,CONTROL,Placebo + Pemetrexed + Platinum,Control
MK-3475-189,KEYNOTE189_SIM-SITE038-0145,0145,SITE038,71,YEARS,>=65,M,WHITE,NOT HISPANIC OR LATINO,USA,CONTROL,Placebo + Pemetrexed + Platinum,Control
MK-3475-189,KEYNOTE189_SIM-SITE038-0148,0148,SITE038,48,YEARS,<65,M,WHITE,NOT HISPANIC OR LATINO,AUS,PEMBRO,Pembrolizumab + Pemetrexed + Platinum,Pembrolizumab
MK-3475-189,KEYNOTE189_SIM-SITE038-0177,0177,SITE038,53,YEARS,<65,M,WHITE,NOT HISPANIC OR LATINO,ESP,PEMBRO,Pembrolizumab + Pemetrexed + Platinum,Pembrolizumab
MK-3475-189,KEYNOTE189_SIM-SITE038-0178,0178,SITE038,55,YEARS,<65,F,WHITE,NOT HISPANIC OR LATINO,FRA,PEMBRO,Pembrolizumab + Pemetrexed + Platinum,Pembrolizumab
MK-3475-189,KEYNOTE189_SIM-SITE038-0202,0202,SITE038,71,YEARS,>=65,M,WHITE,NOT HISPANIC OR LATINO,USA,CONTROL,Placebo + Pemetrexed + Platinum,Control
MK-3475-189,KEYNOTE189_SIM-SITE038-0214,0214,SITE038,70,YEARS,>=65,M,WHITE,NOT HISPANIC OR LATINO,ISR,PEMBRO,Pembrolizumab + Pemetrexed + Platinum,Pembrolizumab
MK-3475-189,KEYNOTE189_SIM-SITE038-0217,0217,SITE038,61,YEARS,<65,M,WHITE,NOT HISPANIC OR LATINO,GBR,CONTROL,Placebo + Pemetrexed + Platinum,Control
MK-3475-189,KEYNOTE189_SIM-SITE038-0255,0255,SITE038,70,YEARS,>=65,M,WHITE,NOT HISPANIC OR LATINO,GBR,PEMBRO,Pembrolizumab + Pemetrexed + Platinum,Pembrolizumab
MK-3475-189,KEYNOTE189_SIM-SITE038-0273,0273,SITE038,76,YEARS,>=65,M,WHITE,NOT HISPANIC OR LATINO,USA,CONTROL,Placebo + Pemetrexed + Platinum,Control
MK-3475-189,KEYNOTE189_SIM-SITE038-0357,0357,SITE038,60,YEARS,<65,M,WHITE,NOT HISPANIC OR LATINO,ITA,PEMBRO,Pembrolizumab + Pemetrexed + Platinum,Pembrolizumab
MK-3475-189,KEYNOTE189_SIM-SITE038-0401,0401,SITE038,60,YEARS,<65,M,WHITE,NOT HISPANIC OR LATINO,USA,CONTROL,Placebo + Pemetrexed + Platinum,Control
MK-3475-189,KEYNOTE189_SIM-SITE038-0478,0478,SITE038,56,YEARS,<65,F,WHITE,NOT HISPANIC OR LATINO,ESP,CONTROL,Placebo + Pemetrexed + Platinum,Control
MK-3475-189,KEYNOTE189_SIM-SITE038-0602,0602,SITE038,73,YEARS,>=65,F,WHITE,NOT HISPANIC OR LATINO,DEU,PEMBRO,Pembrolizumab + Pemetrexed + Platinum,Pembrolizumab
MK-3475-189,KEYNOTE189_SIM-SITE039-0015,0015,SITE039,53,YEARS,<65,M,ASIAN,NOT HISPANIC OR LATINO,KOR,PEMBRO,Pembrolizumab + Pemetrexed + Platinum,Pembrolizumab
MK-3475-189,KEYNOTE189_SIM-SITE039-0081,0081,SITE039,65,YEARS,>=65,M,WHITE,NOT HISPANIC OR LATINO,USA,PEMBRO,Pembrolizumab + Pemetrexed + Platinum,Pembrolizumab
MK-3475-189,KEYNOTE189_SIM-SITE039-0118,0118,SITE039,47,YEARS,<65,F,ASIAN,NOT HISPANIC OR LATINO,KOR,CONTROL,Placebo + Pemetrexed + Platinum,Control
MK-3475-189,KEYNOTE189_SIM-SITE039-0174,0174,SITE039,56,YEARS,<65,M,WHITE,NOT HISPANIC OR LATINO,DEU,PEMBRO,Pembrolizumab + Pemetrexed + Platinum,Pembrolizumab
MK-3475-189,KEYNOTE189_SIM-SITE039-0185,0185,SITE039,76,YEARS,>=65,M,WHITE,NOT HISPANIC OR LATINO,USA,PEMBRO,Pembrolizumab + Pemetrexed + Platinum,Pembrolizumab
MK-3475-189,KEYNOTE189_SIM-SITE039-0266,0266,SITE039,70,YEARS,>=65,M,WHITE,NOT HISPANIC OR LATINO,DEU,PEMBRO,Pembrolizumab + Pemetrexed + Platinum,Pembrolizumab
MK-3475-189,KEYNOTE189_SIM-SITE039-0268,0268,SITE039,64,YEARS,<65,F,WHITE,NOT HISPANIC OR LATINO,FRA,PEMBRO,Pembrolizumab + Pemetrexed + Platinum,Pembrolizumab
MK-3475-189,KEYNOTE189_SIM-SITE039-0337,0337,SITE039,73,YEARS,>=65,M,WHITE,NOT HISPANIC OR LATINO,USA,PEMBRO,Pembrolizumab + Pemetrexed + Platinum,Pembrolizumab
MK-3475-189,KEYNOTE189_SIM-SITE039-0386,0386,SITE039,75,YEARS,>=65,F,WHITE,NOT HISPANIC OR LATINO,FRA,PEMBRO,Pembrolizumab + Pemetrexed + Platinum,Pembrolizumab
MK-3475-189,KEYNOTE189_SIM-SITE039-0395,0395,SITE039,66,YEARS,>=65,F,WHITE,NOT HISPANIC OR LATINO,ITA,PEMBRO,Pembrolizumab + Pemetrexed + Platinum,Pembrolizumab
MK-3475-189,KEYNOTE189_SIM-SITE039-0513,0513,SITE039,61,YEARS,<65,M,WHITE,NOT HISPANIC OR LATINO,USA,PEMBRO,Pembrolizumab + Pemetrexed + Platinum,Pembrolizumab
MK-3475-189,KEYNOTE189_SIM-SITE040-0009,0009,SITE040,62,YEARS,<65,M,WHITE,NOT HISPANIC OR LATINO,AUS,PEMBRO,Pembrolizumab + Pemetrexed + Platinum,Pembrolizumab
MK-3475-189,KEYNOTE189_SIM-SITE040-0132,0132,SITE040,60,YEARS,<65,M,WHITE,NOT HISPANIC OR LATINO,AUS,PEMBRO,Pembrolizumab + Pemetrexed + Platinum,Pembrolizumab
MK-3475-189,KEYNOTE189_SIM-SITE040-0203,0203,SITE040,74,YEARS,>=65,M,WHITE,NOT HISPANIC OR LATINO,DEU,PEMBRO,Pembrolizumab + Pemetrexed + Platinum,Pembrolizumab
MK-3475-189,KEYNOTE189_SIM-SITE040-0271,0271,SITE040,64,YEARS,<65,F,WHITE,NOT HISPANIC OR LATINO,ISR,PEMBRO,Pembrolizumab + Pemetrexed + Platinum,Pembrolizumab
MK-3475-189,KEYNOTE189_SIM-SITE040-0294,0294,SITE040,58,YEARS,<65,M,WHITE,NOT HISPANIC OR LATINO,GBR,CONTROL,Placebo + Pemetrexed + Platinum,Control
MK-3475-189,KEYNOTE189_SIM-SITE040-0388,0388,SITE040,61,YEARS,<65,M,WHITE,NOT HISPANIC OR LATINO,DEU,CONTROL,Placebo + Pemetrexed + Platinum,Control
MK-3475-189,KEYNOTE189_SIM-SITE040-0445,0445,SITE040,76,YEARS,>=65,M,WHITE,NOT HISPANIC OR LATINO,USA,PEMBRO,Pembrolizumab + Pemetrexed + Platinum,Pembrolizumab
MK-3475-189,KEYNOTE189_SIM-SITE040-0609,0609,SITE040,64,YEARS,<65,F,BLACK OR AFRICAN AMERICAN,NOT HISPANIC OR LATINO,USA,PEMBRO,Pembrolizumab + Pemetrexed + Platinum,Pembrolizumab
MK-3475-189,KEYNOTE189_SIM-SITE041-0034,0034,SITE041,46,YEARS,<65,M,WHITE,NOT HISPANIC OR LATINO,ESP,PEMBRO,Pembrolizumab + Pemetrexed + Platinum,Pembrolizumab
MK-3475-189,KEYNOTE189_SIM-SITE041-0083,0083,SITE041,44,YEARS,<65,M,ASIAN,NOT HISPANIC OR LATINO,JPN,CONTROL,Placebo + Pemetrexed + Platinum,Control
MK-3475-189,KEYNOTE189_SIM-SITE041-0097,0097,SITE041,67,YEARS,>=65,M,WHITE,NOT HISPANIC OR LATINO,USA,CONTROL,Placebo + Pemetrexed + Platinum,Control
MK-3475-189,KEYNOTE189_SIM-SITE041-0098,0098,SITE041,50,YEARS,<65,F,ASIAN,NOT HISPANIC OR LATINO,AUS,PEMBRO,Pembrolizumab + Pemetrexed + Platinum,Pembrolizumab
MK-3475-189,KEYNOTE189_SIM-SITE041-0108,0108,SITE041,66,YEARS,>=65,F,WHITE,NOT HISPANIC OR LATINO,USA,CONTROL,Placebo + Pemetrexed + Platinum,Control
MK-3475-189,KEYNOTE189_SIM-SITE041-0130,0130,SITE041,55,YEARS,<65,F,WHITE,NOT HISPANIC OR LATINO,FRA,PEMBRO,Pembrolizumab + Pemetrexed + Platinum,Pembrolizumab
MK-3475-189,KEYNOTE189_SIM-SITE041-0146,0146,SITE041,78,YEARS,>=65,F,ASIAN,NOT HISPANIC OR LATINO,KOR,PEMBRO,Pembrolizumab + Pemetrexed + Platinum,Pembrolizumab
MK-3475-189,KEYNOTE189_SIM-SITE041-0188,0188,SITE041,65,YEARS,>=65,F,WHITE,NOT HISPANIC OR LATINO,FRA,CONTROL,Placebo + Pemetrexed + Platinum,Control
MK-3475-189,KEYNOTE189_SIM-SITE041-0281,0281,SITE041,44,YEARS,<65,M,WHITE,NOT HISPANIC OR LATINO,USA,PEMBRO,Pembrolizumab + Pemetrexed + Platinum,Pembrolizumab
MK-3475-189,KEYNOTE189_SIM-SITE041-0319,0319,SITE041,80,YEARS,>=65,F,WHITE,NOT HISPANIC OR LATINO,USA,CONTROL,Placebo + Pemetrexed + Platinum,Control
MK-3475-189,KEYNOTE189_SIM-SITE041-0330,0330,SITE041,49,YEARS,<65,M,WHITE,NOT HISPANIC OR LATINO,FRA,PEMBRO,Pembrolizumab + Pemetrexed + Platinum,Pembrolizumab
MK-3475-189,KEYNOTE189_SIM-SITE041-0403,0403,SITE041,56,YEARS,<65,M,WHITE,NOT HISPANIC OR LATINO,USA,PEMBRO,Pembrolizumab + Pemetrexed + Platinum,Pembrolizumab
MK-3475-189,KEYNOTE189_SIM-SITE041-0471,0471,SITE041,49,YEARS,<65,F,WHITE,NOT HISPANIC OR LATINO,USA,PEMBRO,Pembrolizumab + Pemetrexed + Platinum,Pembrolizumab
MK-3475-189,KEYNOTE189_SIM-SITE041-0586,0586,SITE041,55,YEARS,<65,F,ASIAN,HISPANIC OR LATINO,JPN,PEMBRO,Pembrolizumab + Pemetrexed + Platinum,Pembrolizumab
MK-3475-189,KEYNOTE189_SIM-SITE042-0018,0018,SITE042,55,YEARS,<65,M,WHITE,HISPANIC OR LATINO,ESP,PEMBRO,Pembrolizumab + Pemetrexed + Platinum,Pembrolizumab
MK-3475-189,KEYNOTE189_SIM-SITE042-0073,0073,SITE042,76,YEARS,>=65,F,WHITE,NOT HISPANIC OR LATINO,DEU,PEMBRO,Pembrolizumab + Pemetrexed + Platinum,Pembrolizumab
MK-3475-189,KEYNOTE189_SIM-SITE042-0075,0075,SITE042,65,YEARS,>=65,M,WHITE,NOT HISPANIC OR LATINO,USA,CONTROL,Placebo + Pemetrexed + Platinum,Control
MK-3475-189,KEYNOTE189_SIM-SITE042-0082,0082,SITE042,63,YEARS,<65,M,WHITE,NOT HISPANIC OR LATINO,FRA,CONTROL,Placebo + Pemetrexed + Platinum,Control
MK-3475-189,KEYNOTE189_SIM-SITE042-0104,0104,SITE042,52,YEARS,<65,M,WHITE,NOT HISPANIC OR LATINO,ESP,PEMBRO,Pembrolizumab + Pemetrexed + Platinum,Pembrolizumab
MK-3475-189,KEYNOTE189_SIM-SITE042-0219,0219,SITE042,62,YEARS,<65,F,WHITE,NOT HISPANIC OR LATINO,DEU,CONTROL,Placebo + Pemetrexed + Platinum,Control
MK-3475-189,KEYNOTE189_SIM-SITE042-0384,0384,SITE042,55,YEARS,<65,M,WHITE,NOT HISPANIC OR LATINO,ESP,PEMBRO,Pembrolizumab + Pemetrexed + Platinum,Pembrolizumab
MK-3475-189,KEYNOTE189_SIM-SITE042-0411,0411,SITE042,46,YEARS,<65,M,ASIAN,NOT HISPANIC OR LATINO,JPN,PEMBRO,Pembrolizumab + Pemetrexed + Platinum,Pembrolizumab
MK-3475-189,KEYNOTE189_SIM-SITE042-0437,0437,SITE042,75,YEARS,>=65,M,ASIAN,NOT HISPANIC OR LATINO,USA,CONTROL,Placebo + Pemetrexed + Platinum,Control
MK-3475-189,KEYNOTE189_SIM-SITE042-0484,0484,SITE042,52,YEARS,<65,F,WHITE,NOT HISPANIC OR LATINO,FRA,PEMBRO,Pembrolizumab + Pemetrexed + Platinum,Pembrolizumab
MK-3475-189,KEYNOTE189_SIM-SITE042-0583,0583,SITE042,59,YEARS,<65,F,WHITE,NOT HISPANIC OR LATINO,DEU,CONTROL,Placebo + Pemetrexed + Platinum,Control
MK-3475-189,KEYNOTE189_SIM-SITE043-0046,0046,SITE043,58,YEARS,<65,F,WHITE,NOT HISPANIC OR LATINO,GBR,PEMBRO,Pembrolizumab + Pemetrexed + Platinum,Pembrolizumab
MK-3475-189,KEYNOTE189_SIM-SITE043-0116,0116,SITE043,65,YEARS,>=65,F,WHITE,NOT HISPANIC OR LATINO,DEU,PEMBRO,Pembrolizumab + Pemetrexed + Platinum,Pembrolizumab
MK-3475-189,KEYNOTE189_SIM-SITE043-0267,0267,SITE043,57,YEARS,<65,F,WHITE,NOT HISPANIC OR LATINO,ISR,PEMBRO,Pembrolizumab + Pemetrexed + Platinum,Pembrolizumab
MK-3475-189,KEYNOTE189_SIM-SITE043-0288,0288,SITE043,67,YEARS,>=65,F,WHITE,NOT HISPANIC OR LATINO,ESP,PEMBRO,Pembrolizumab + Pemetrexed + Platinum,Pembrolizumab
MK-3475-189,KEYNOTE189_SIM-SITE043-0381,0381,SITE043,58,YEARS,<65,M,WHITE,NOT HISPANIC OR LATINO,DEU,PEMBRO,Pembrolizumab + Pemetrexed + Platinum,Pembrolizumab
MK-3475-189,KEYNOTE189_SIM-SITE043-0422,0422,SITE043,61,YEARS,<65,F,BLACK OR AFRICAN AMERICAN,NOT HISPANIC OR LATINO,USA,PEMBRO,Pembrolizumab + Pemetrexed + Platinum,Pembrolizumab
MK-3475-189,KEYNOTE189_SIM-SITE043-0434,0434,SITE043,48,YEARS,<65,F,WHITE,NOT HISPANIC OR LATINO,USA,PEMBRO,Pembrolizumab + Pemetrexed + Platinum,Pembrolizumab
MK-3475-189,KEYNOTE189_SIM-SITE043-0487,0487,SITE043,72,YEARS,>=65,F,WHITE,NOT HISPANIC OR LATINO,USA,PEMBRO,Pembrolizumab + Pemetrexed + Platinum,Pembrolizumab
MK-3475-189,KEYNOTE189_SIM-SITE043-0492,0492,SITE043,61,YEARS,<65,M,WHITE,NOT HISPANIC OR LATINO,USA,PEMBRO,Pembrolizumab + Pemetrexed + Platinum,Pembrolizumab
MK-3475-189,KEYNOTE189_SIM-SITE043-0541,0541,SITE043,74,YEARS,>=65,F,WHITE,NOT HISPANIC OR LATINO,ISR,PEMBRO,Pembrolizumab + Pemetrexed + Platinum,Pembrolizumab
MK-3475-189,KEYNOTE189_SIM-SITE043-0584,0584,SITE043,61,YEARS,<65,M,WHITE,NOT HISPANIC OR LATINO,ESP,PEMBRO,Pembrolizumab + Pemetrexed + Platinum,Pembrolizumab
MK-3475-189,KEYNOTE189_SIM-SITE044-0056,0056,SITE044,48,YEARS,<65,F,WHITE,NOT HISPANIC OR LATINO,USA,PEMBRO,Pembrolizumab + Pemetrexed + Platinum,Pembrolizumab
MK-3475-189,KEYNOTE189_SIM-SITE044-0290,0290,SITE044,68,YEARS,>=65,M,ASIAN,NOT HISPANIC OR LATINO,GBR,CONTROL,Placebo + Pemetrexed + Platinum,Control
MK-3475-189,KEYNOTE189_SIM-SITE044-0303,0303,SITE044,77,YEARS,>=65,F,WHITE,NOT HISPANIC OR LATINO,FRA,PEMBRO,Pembrolizumab + Pemetrexed + Platinum,Pembrolizumab
MK-3475-189,KEYNOTE189_SIM-SITE044-0328,0328,SITE044,41,YEARS,<65,F,ASIAN,NOT HISPANIC OR LATINO,USA,CONTROL,Placebo + Pemetrexed + Platinum,Control
MK-3475-189,KEYNOTE189_SIM-SITE044-0350,0350,SITE044,52,YEARS,<65,M,WHITE,NOT HISPANIC OR LATINO,AUS,PEMBRO,Pembrolizumab + Pemetrexed + Platinum,Pembrolizumab
MK-3475-189,KEYNOTE189_SIM-SITE044-0393,0393,SITE044,59,YEARS,<65,M,WHITE,NOT HISPANIC OR LATINO,ITA,PEMBRO,Pembrolizumab + Pemetrexed + Platinum,Pembrolizumab
MK-3475-189,KEYNOTE189_SIM-SITE044-0451,0451,SITE044,75,YEARS,>=65,F,OTHER,NOT HISPANIC OR LATINO,DEU,PEMBRO,Pembrolizumab + Pemetrexed + Platinum,Pembrolizumab
MK-3475-189,KEYNOTE189_SIM-SITE044-0563,0563,SITE044,60,YEARS,<65,F,WHITE,NOT HISPANIC OR LATINO,ESP,CONTROL,Placebo + Pemetrexed + Platinum,Control
MK-3475-189,KEYNOTE189_SIM-SITE044-0578,0578,SITE044,70,YEARS,>=65,F,WHITE,HISPANIC OR LATINO,ESP,CONTROL,Placebo + Pemetrexed + Platinum,Control
MK-3475-189,KEYNOTE189_SIM-SITE045-0096,0096,SITE045,65,YEARS,>=65,M,WHITE,NOT HISPANIC OR LATINO,ESP,PEMBRO,Pembrolizumab + Pemetrexed + Platinum,Pembrolizumab
MK-3475-189,KEYNOTE189_SIM-SITE045-0296,0296,SITE045,55,YEARS,<65,F,WHITE,NOT HISPANIC OR LATINO,AUS,CONTROL,Placebo + Pemetrexed + Platinum,Control
MK-3475-189,KEYNOTE189_SIM-SITE045-0335,0335,SITE045,66,YEARS,>=65,M,WHITE,NOT HISPANIC OR LATINO,GBR,PEMBRO,Pembrolizumab + Pemetrexed + Platinum,Pembrolizumab
MK-3475-189,KEYNOTE189_SIM-SITE045-0539,0539,SITE045,55,YEARS,<65,M,WHITE,NOT HISPANIC OR LATINO,ISR,CONTROL,Placebo + Pemetrexed + Platinum,Control
MK-3475-189,KEYNOTE189_SIM-SITE046-0060,0060,SITE046,41,YEARS,<65,M,WHITE,NOT HISPANIC OR LATINO,AUS,PEMBRO,Pembrolizumab + Pemetrexed + Platinum,Pembrolizumab
MK-3475-189,KEYNOTE189_SIM-SITE046-0248,0248,SITE046,50,YEARS,<65,M,WHITE,NOT HISPANIC OR LATINO,FRA,CONTROL,Placebo + Pemetrexed + Platinum,Control
MK-3475-189,KEYNOTE189_SIM-SITE046-0253,0253,SITE046,55,YEARS,<65,F,WHITE,NOT HISPANIC OR LATINO,ESP,PEMBRO,Pembrolizumab + Pemetrexed + Platinum,Pembrolizumab
MK-3475-189,KEYNOTE189_SIM-SITE046-0322,0322,SITE046,59,YEARS,<65,F,WHITE,NOT HISPANIC OR LATINO,USA,PEMBRO,Pembrolizumab + Pemetrexed + Platinum,Pembrolizumab
MK-3475-189,KEYNOTE189_SIM-SITE046-0327,0327,SITE046,64,YEARS,<65,F,WHITE,NOT HISPANIC OR LATINO,AUS,CONTROL,Placebo + Pemetrexed + Platinum,Control
MK-3475-189,KEYNOTE189_SIM-SITE046-0366,0366,SITE046,54,YEARS,<65,M,ASIAN,NOT HISPANIC OR LATINO,JPN,CONTROL,Placebo + Pemetrexed + Platinum,Control
MK-3475-189,KEYNOTE189_SIM-SITE046-0444,0444,SITE046,56,YEARS,<65,F,ASIAN,NOT HISPANIC OR LATINO,KOR,CONTROL,Placebo + Pemetrexed + Platinum,Control
MK-3475-189,KEYNOTE189_SIM-SITE046-0452,0452,SITE046,76,YEARS,>=65,M,BLACK OR AFRICAN AMERICAN,NOT HISPANIC OR LATINO,USA,CONTROL,Placebo + Pemetrexed + Platinum,Control
MK-3475-189,KEYNOTE189_SIM-SITE046-0466,0466,SITE046,63,YEARS,<65,M,WHITE,NOT HISPANIC OR LATINO,ESP,PEMBRO,Pembrolizumab + Pemetrexed + Platinum,Pembrolizumab
MK-3475-189,KEYNOTE189_SIM-SITE046-0469,0469,SITE046,57,YEARS,<65,M,WHITE,NOT HISPANIC OR LATINO,DEU,PEMBRO,Pembrolizumab + Pemetrexed + Platinum,Pembrolizumab
MK-3475-189,KEYNOTE189_SIM-SITE046-0495,0495,SITE046,63,YEARS,<65,F,WHITE,NOT HISPANIC OR LATINO,ESP,PEMBRO,Pembrolizumab + Pemetrexed + Platinum,Pembrolizumab
MK-3475-189,KEYNOTE189_SIM-SITE046-0530,0530,SITE046,73,YEARS,>=65,M,WHITE,NOT HISPANIC OR LATINO,FRA,PEMBRO,Pembrolizumab + Pemetrexed + Platinum,Pembrolizumab
MK-3475-189,KEYNOTE189_SIM-SITE047-0039,0039,SITE047,53,YEARS,<65,M,WHITE,NOT HISPANIC OR LATINO,ESP,PEMBRO,Pembrolizumab + Pemetrexed + Platinum,Pembrolizumab
MK-3475-189,KEYNOTE189_SIM-SITE047-0066,0066,SITE047,70,YEARS,>=65,F,ASIAN,NOT HISPANIC OR LATINO,JPN,PEMBRO,Pembrolizumab + Pemetrexed + Platinum,Pembrolizumab
MK-3475-189,KEYNOTE189_SIM-SITE047-0085,0085,SITE047,52,YEARS,<65,M,WHITE,NOT HISPANIC OR LATINO,USA,CONTROL,Placebo + Pemetrexed + Platinum,Control
MK-3475-189,KEYNOTE189_SIM-SITE047-0092,0092,SITE047,55,YEARS,<65,M,WHITE,NOT HISPANIC OR LATINO,USA,PEMBRO,Pembrolizumab + Pemetrexed + Platinum,Pembrolizumab
MK-3475-189,KEYNOTE189_SIM-SITE047-0113,0113,SITE047,53,YEARS,<65,M,ASIAN,HISPANIC OR LATINO,KOR,CONTROL,Placebo + Pemetrexed + Platinum,Control
MK-3475-189,KEYNOTE189_SIM-SITE047-0119,0119,SITE047,80,YEARS,>=65,M,WHITE,NOT HISPANIC OR LATINO,ITA,PEMBRO,Pembrolizumab + Pemetrexed + Platinum,Pembrolizumab
MK-3475-189,KEYNOTE189_SIM-SITE047-0156,0156,SITE047,54,YEARS,<65,F,WHITE,NOT HISPANIC OR LATINO,ESP,PEMBRO,Pembrolizumab + Pemetrexed + Platinum,Pembrolizumab
MK-3475-189,KEYNOTE189_SIM-SITE047-0201,0201,SITE047,42,YEARS,<65,F,WHITE,NOT HISPANIC OR LATINO,GBR,PEMBRO,Pembrolizumab + Pemetrexed + Platinum,Pembrolizumab
MK-3475-189,KEYNOTE189_SIM-SITE047-0348,0348,SITE047,55,YEARS,<65,M,WHITE,NOT HISPANIC OR LATINO,FRA,PEMBRO,Pembrolizumab + Pemetrexed + Platinum,Pembrolizumab
MK-3475-189,KEYNOTE189_SIM-SITE047-0416,0416,SITE047,55,YEARS,<65,M,WHITE,NOT HISPANIC OR LATINO,ESP,PEMBRO,Pembrolizumab + Pemetrexed + Platinum,Pembrolizumab
MK-3475-189,KEYNOTE189_SIM-SITE047-0439,0439,SITE047,63,YEARS,<65,F,BLACK OR AFRICAN AMERICAN,NOT HISPANIC OR LATINO,USA,PEMBRO,Pembrolizumab + Pemetrexed + Platinum,Pembrolizumab
MK-3475-189,KEYNOTE189_SIM-SITE047-0443,0443,SITE047,62,YEARS,<65,M,ASIAN,NOT HISPANIC OR LATINO,KOR,PEMBRO,Pembrolizumab + Pemetrexed + Platinum,Pembrolizumab
MK-3475-189,KEYNOTE189_SIM-SITE047-0468,0468,SITE047,56,YEARS,<65,M,WHITE,NOT HISPANIC OR LATINO,AUS,PEMBRO,Pembrolizumab + Pemetrexed + Platinum,Pembrolizumab
MK-3475-189,KEYNOTE189_SIM-SITE047-0502,0502,SITE047,85,YEARS,>=65,M,BLACK OR AFRICAN AMERICAN,NOT HISPANIC OR LATINO,USA,CONTROL,Placebo + Pemetrexed + Platinum,Control
MK-3475-189,KEYNOTE189_SIM-SITE047-0592,0592,SITE047,43,YEARS,<65,F,WHITE,NOT HISPANIC OR LATINO,AUS,CONTROL,Placebo + Pemetrexed + Platinum,Control
MK-3475-189,KEYNOTE189_SIM-SITE048-0003,0003,SITE048,75,YEARS,>=65,M,WHITE,NOT HISPANIC OR LATINO,USA,PEMBRO,Pembrolizumab + Pemetrexed + Platinum,Pembrolizumab
MK-3475-189,KEYNOTE189_SIM-SITE048-0050,0050,SITE048,53,YEARS,<65,F,WHITE,NOT HISPANIC OR LATINO,ESP,PEMBRO,Pembrolizumab + Pemetrexed + Platinum,Pembrolizumab
MK-3475-189,KEYNOTE189_SIM-SITE048-0123,0123,SITE048,72,YEARS,>=65,F,WHITE,NOT HISPANIC OR LATINO,USA,PEMBRO,Pembrolizumab + Pemetrexed + Platinum,Pembrolizumab
MK-3475-189,KEYNOTE189_SIM-SITE048-0286,0286,SITE048,56,YEARS,<65,M,WHITE,NOT HISPANIC OR LATINO,GBR,PEMBRO,Pembrolizumab + Pemetrexed + Platinum,Pembrolizumab
MK-3475-189,KEYNOTE189_SIM-SITE048-0307,0307,SITE048,51,YEARS,<65,F,WHITE,HISPANIC OR LATINO,DEU,PEMBRO,Pembrolizumab + Pemetrexed + Platinum,Pembrolizumab
MK-3475-189,KEYNOTE189_SIM-SITE048-0317,0317,SITE048,64,YEARS,<65,M,ASIAN,NOT HISPANIC OR LATINO,JPN,PEMBRO,Pembrolizumab + Pemetrexed + Platinum,Pembrolizumab
MK-3475-189,KEYNOTE189_SIM-SITE048-0400,0400,SITE048,60,YEARS,<65,M,WHITE,NOT HISPANIC OR LATINO,ITA,PEMBRO,Pembrolizumab + Pemetrexed + Platinum,Pembrolizumab
MK-3475-189,KEYNOTE189_SIM-SITE048-0467,0467,SITE048,47,YEARS,<65,M,OTHER,NOT HISPANIC OR LATINO,USA,PEMBRO,Pembrolizumab + Pemetrexed + Platinum,Pembrolizumab
MK-3475-189,KEYNOTE189_SIM-SITE048-0521,0521,SITE048,59,YEARS,<65,M,WHITE,NOT HISPANIC OR LATINO,ISR,PEMBRO,Pembrolizumab + Pemetrexed + Platinum,Pembrolizumab
MK-3475-189,KEYNOTE189_SIM-SITE048-0532,0532,SITE048,88,YEARS,>=65,M,WHITE,NOT HISPANIC OR LATINO,USA,PEMBRO,Pembrolizumab + Pemetrexed + Platinum,Pembrolizumab
MK-3475-189,KEYNOTE189_SIM-SITE049-0058,0058,SITE049,47,YEARS,<65,M,WHITE,HISPANIC OR LATINO,FRA,PEMBRO,Pembrolizumab + Pemetrexed + Platinum,Pembrolizumab
MK-3475-189,KEYNOTE189_SIM-SITE049-0155,0155,SITE049,57,YEARS,<65,M,WHITE,NOT HISPANIC OR LATINO,ESP,CONTROL,Placebo + Pemetrexed + Platinum,Control
MK-3475-189,KEYNOTE189_SIM-SITE049-0280,0280,SITE049,62,YEARS,<65,F,WHITE,NOT HISPANIC OR LATINO,DEU,CONTROL,Placebo + Pemetrexed + Platinum,Control
MK-3475-189,KEYNOTE189_SIM-SITE049-0361,0361,SITE049,54,YEARS,<65,F,WHITE,NOT HISPANIC OR LATINO,ESP,CONTROL,Placebo + Pemetrexed + Platinum,Control
MK-3475-189,KEYNOTE189_SIM-SITE049-0378,0378,SITE049,67,YEARS,>=65,F,WHITE,NOT HISPANIC OR LATINO,ESP,PEMBRO,Pembrolizumab + Pemetrexed + Platinum,Pembrolizumab
MK-3475-189,KEYNOTE189_SIM-SITE049-0504,0504,SITE049,51,YEARS,<65,F,WHITE,NOT HISPANIC OR LATINO,USA,PEMBRO,Pembrolizumab + Pemetrexed + Platinum,Pembrolizumab
MK-3475-189,KEYNOTE189_SIM-SITE049-0512,0512,SITE049,66,YEARS,>=65,F,WHITE,NOT HISPANIC OR LATINO,ISR,PEMBRO,Pembrolizumab + Pemetrexed + Platinum,Pembrolizumab
MK-3475-189,KEYNOTE189_SIM-SITE049-0548,0548,SITE049,84,YEARS,>=65,F,WHITE,NOT HISPANIC OR LATINO,ISR,PEMBRO,Pembrolizumab + Pemetrexed + Platinum,Pembrolizumab
MK-3475-189,KEYNOTE189_SIM-SITE049-0557,0557,SITE049,52,YEARS,<65,F,WHITE,NOT HISPANIC OR LATINO,ESP,PEMBRO,Pembrolizumab + Pemetrexed + Platinum,Pembrolizumab
MK-3475-189,KEYNOTE189_SIM-SITE049-0596,0596,SITE049,76,YEARS,>=65,M,WHITE,NOT HISPANIC OR LATINO,USA,CONTROL,Placebo + Pemetrexed + Platinum,Control
MK-3475-189,KEYNOTE189_SIM-SITE050-0102,0102,SITE050,77,YEARS,>=65,M,BLACK OR AFRICAN AMERICAN,NOT HISPANIC OR LATINO,USA,PEMBRO,Pembrolizumab + Pemetrexed + Platinum,Pembrolizumab
MK-3475-189,KEYNOTE189_SIM-SITE050-0172,0172,SITE050,53,YEARS,<65,M,WHITE,NOT HISPANIC OR LATINO,USA,CONTROL,Placebo + Pemetrexed + Platinum,Control
MK-3475-189,KEYNOTE189_SIM-SITE050-0232,0232,SITE050,57,YEARS,<65,M,WHITE,NOT HISPANIC OR LATINO,ITA,CONTROL,Placebo + Pemetrexed + Platinum,Control
MK-3475-189,KEYNOTE189_SIM-SITE050-0313,0313,SITE050,76,YEARS,>=65,F,ASIAN,NOT HISPANIC OR LATINO,JPN,PEMBRO,Pembrolizumab + Pemetrexed + Platinum,Pembrolizumab
MK-3475-189,KEYNOTE189_SIM-SITE050-0497,0497,SITE050,65,YEARS,>=65,F,OTHER,NOT HISPANIC OR LATINO,USA,PEMBRO,Pembrolizumab + Pemetrexed + Platinum,Pembrolizumab
MK-3475-189,KEYNOTE189_SIM-SITE051-0025,0025,SITE051,65,YEARS,>=65,F,WHITE,NOT HISPANIC OR LATINO,USA,PEMBRO,Pembrolizumab + Pemetrexed + Platinum,Pembrolizumab
MK-3475-189,KEYNOTE189_SIM-SITE051-0086,0086,SITE051,64,YEARS,<65,M,WHITE,NOT HISPANIC OR LATINO,FRA,PEMBRO,Pembrolizumab + Pemetrexed + Platinum,Pembrolizumab
MK-3475-189,KEYNOTE189_SIM-SITE051-0233,0233,SITE051,67,YEARS,>=65,M,WHITE,NOT HISPANIC OR LATINO,FRA,PEMBRO,Pembrolizumab + Pemetrexed + Platinum,Pembrolizumab
MK-3475-189,KEYNOTE189_SIM-SITE051-0241,0241,SITE051,71,YEARS,>=65,M,WHITE,NOT HISPANIC OR LATINO,USA,CONTROL,Placebo + Pemetrexed + Platinum,Control
MK-3475-189,KEYNOTE189_SIM-SITE051-0250,0250,SITE051,65,YEARS,>=65,F,WHITE,NOT HISPANIC OR LATINO,ISR,PEMBRO,Pembrolizumab + Pemetrexed + Platinum,Pembrolizumab
MK-3475-189,KEYNOTE189_SIM-SITE051-0269,0269,SITE051,57,YEARS,<65,M,WHITE,NOT HISPANIC OR LATINO,GBR,PEMBRO,Pembrolizumab + Pemetrexed + Platinum,Pembrolizumab
MK-3475-189,KEYNOTE189_SIM-SITE051-0305,0305,SITE051,62,YEARS,<65,M,WHITE,NOT HISPANIC OR LATINO,USA,PEMBRO,Pembrolizumab + Pemetrexed + Platinum,Pembrolizumab
MK-3475-189,KEYNOTE189_SIM-SITE051-0324,0324,SITE051,49,YEARS,<65,M,WHITE,NOT HISPANIC OR LATINO,FRA,PEMBRO,Pembrolizumab + Pemetrexed + Platinum,Pembrolizumab
MK-3475-189,KEYNOTE189_SIM-SITE051-0331,0331,SITE051,61,YEARS,<65,M,WHITE,NOT HISPANIC OR LATINO,USA,PEMBRO,Pembrolizumab + Pemetrexed + Platinum,Pembrolizumab
MK-3475-189,KEYNOTE189_SIM-SITE051-0344,0344,SITE051,64,YEARS,<65,F,WHITE,NOT HISPANIC OR LATINO,GBR,PEMBRO,Pembrolizumab + Pemetrexed + Platinum,Pembrolizumab
MK-3475-189,KEYNOTE189_SIM-SITE051-0353,0353,SITE051,58,YEARS,<65,M,ASIAN,NOT HISPANIC OR LATINO,JPN,PEMBRO,Pembrolizumab + Pemetrexed + Platinum,Pembrolizumab
MK-3475-189,KEYNOTE189_SIM-SITE051-0392,0392,SITE051,75,YEARS,>=65,F,WHITE,NOT HISPANIC OR LATINO,ITA,PEMBRO,Pembrolizumab + Pemetrexed + Platinum,Pembrolizumab
MK-3475-189,KEYNOTE189_SIM-SITE051-0454,0454,SITE051,76,YEARS,>=65,M,WHITE,HISPANIC OR LATINO,DEU,CONTROL,Placebo + Pemetrexed + Platinum,Control
MK-3475-189,KEYNOTE189_SIM-SITE051-0461,0461,SITE051,80,YEARS,>=65,M,WHITE,NOT HISPANIC OR LATINO,ITA,PEMBRO,Pembrolizumab + Pemetrexed + Platinum,Pembrolizumab
MK-3475-189,KEYNOTE189_SIM-SITE051-0480,0480,SITE051,74,YEARS,>=65,F,WHITE,NOT HISPANIC OR LATINO,USA,CONTROL,Placebo + Pemetrexed + Platinum,Control
MK-3475-189,KEYNOTE189_SIM-SITE051-0491,0491,SITE051,71,YEARS,>=65,M,WHITE,NOT HISPANIC OR LATINO,ESP,CONTROL,Placebo + Pemetrexed + Platinum,Control
MK-3475-189,KEYNOTE189_SIM-SITE051-0606,0606,SITE051,72,YEARS,>=65,M,WHITE,NOT HISPANIC OR LATINO,DEU,PEMBRO,Pembrolizumab + Pemetrexed + Platinum,Pembrolizumab
MK-3475-189,KEYNOTE189_SIM-SITE052-0208,0208,SITE052,78,YEARS,>=65,M,BLACK OR AFRICAN AMERICAN,HISPANIC OR LATINO,USA,PEMBRO,Pembrolizumab + Pemetrexed + Platinum,Pembrolizumab
MK-3475-189,KEYNOTE189_SIM-SITE052-0329,0329,SITE052,75,YEARS,>=65,F,WHITE,NOT HISPANIC OR LATINO,AUS,PEMBRO,Pembrolizumab + Pemetrexed + Platinum,Pembrolizumab
MK-3475-189,KEYNOTE189_SIM-SITE052-0365,0365,SITE052,71,YEARS,>=65,F,WHITE,NOT HISPANIC OR LATINO,GBR,PEMBRO,Pembrolizumab + Pemetrexed + Platinum,Pembrolizumab
MK-3475-189,KEYNOTE189_SIM-SITE052-0404,0404,SITE052,51,YEARS,<65,M,WHITE,NOT HISPANIC OR LATINO,USA,PEMBRO,Pembrolizumab + Pemetrexed + Platinum,Pembrolizumab
MK-3475-189,KEYNOTE189_SIM-SITE052-0516,0516,SITE052,54,YEARS,<65,M,WHITE,NOT HISPANIC OR LATINO,USA,PEMBRO,Pembrolizumab + Pemetrexed + Platinum,Pembrolizumab
MK-3475-189,KEYNOTE189_SIM-SITE052-0567,0567,SITE052,54,YEARS,<65,M,WHITE,NOT HISPANIC OR LATINO,ISR,PEMBRO,Pembrolizumab + Pemetrexed + Platinum,Pembrolizumab
MK-3475-189,KEYNOTE189_SIM-SITE053-0011,0011,SITE053,68,YEARS,>=65,M,WHITE,NOT HISPANIC OR LATINO,ITA,CONTROL,Placebo + Pemetrexed + Platinum,Control
MK-3475-189,KEYNOTE189_SIM-SITE053-0044,0044,SITE053,66,YEARS,>=65,M,WHITE,NOT HISPANIC OR LATINO,FRA,PEMBRO,Pembrolizumab + Pemetrexed + Platinum,Pembrolizumab
MK-3475-189,KEYNOTE189_SIM-SITE053-0107,0107,SITE053,79,YEARS,>=65,M,WHITE,NOT HISPANIC OR LATINO,AUS,PEMBRO,Pembrolizumab + Pemetrexed + Platinum,Pembrolizumab
MK-3475-189,KEYNOTE189_SIM-SITE053-0127,0127,SITE053,36,YEARS,<65,M,WHITE,NOT HISPANIC OR LATINO,USA,CONTROL,Placebo + Pemetrexed + Platinum,Control
MK-3475-189,KEYNOTE189_SIM-SITE053-0245,0245,SITE053,79,YEARS,>=65,M,WHITE,NOT HISPANIC OR LATINO,USA,CONTROL,Placebo + Pemetrexed + Platinum,Control
MK-3475-189,KEYNOTE189_SIM-SITE053-0312,0312,SITE053,69,YEARS,>=65,F,WHITE,NOT HISPANIC OR LATINO,DEU,PEMBRO,Pembrolizumab + Pemetrexed + Platinum,Pembrolizumab
MK-3475-189,KEYNOTE189_SIM-SITE053-0347,0347,SITE053,68,YEARS,>=65,M,WHITE,NOT HISPANIC OR LATINO,FRA,CONTROL,Placebo + Pemetrexed + Platinum,Control
MK-3475-189,KEYNOTE189_SIM-SITE053-0370,0370,SITE053,65,YEARS,>=65,M,WHITE,NOT HISPANIC OR LATINO,USA,CONTROL,Placebo + Pemetrexed + Platinum,Control
MK-3475-189,KEYNOTE189_SIM-SITE053-0449,0449,SITE053,40,YEARS,<65,M,WHITE,HISPANIC OR LATINO,ESP,PEMBRO,Pembrolizumab + Pemetrexed + Platinum,Pembrolizumab
MK-3475-189,KEYNOTE189_SIM-SITE053-0463,0463,SITE053,69,YEARS,>=65,F,WHITE,NOT HISPANIC OR LATINO,USA,CONTROL,Placebo + Pemetrexed + Platinum,Control
MK-3475-189,KEYNOTE189_SIM-SITE053-0494,0494,SITE053,60,YEARS,<65,F,WHITE,NOT HISPANIC OR LATINO,USA,CONTROL,Placebo + Pemetrexed + Platinum,Control
MK-3475-189,KEYNOTE189_SIM-SITE053-0572,0572,SITE053,64,YEARS,<65,M,WHITE,NOT HISPANIC OR LATINO,USA,PEMBRO,Pembrolizumab + Pemetrexed + Platinum,Pembrolizumab
MK-3475-189,KEYNOTE189_SIM-SITE053-0585,0585,SITE053,65,YEARS,>=65,M,WHITE,NOT HISPANIC OR LATINO,ESP,PEMBRO,Pembrolizumab + Pemetrexed + Platinum,Pembrolizumab
MK-3475-189,KEYNOTE189_SIM-SITE053-0594,0594,SITE053,59,YEARS,<65,M,WHITE,NOT HISPANIC OR LATINO,ESP,CONTROL,Placebo + Pemetrexed + Platinum,Control
MK-3475-189,KEYNOTE189_SIM-SITE053-0601,0601,SITE053,59,YEARS,<65,M,WHITE,NOT HISPANIC OR LATINO,USA,PEMBRO,Pembrolizumab + Pemetrexed + Platinum,Pembrolizumab
MK-3475-189,KEYNOTE189_SIM-SITE053-0610,0610,SITE053,70,YEARS,>=65,M,WHITE,NOT HISPANIC OR LATINO,DEU,CONTROL,Placebo + Pemetrexed + Platinum,Control
MK-3475-189,KEYNOTE189_SIM-SITE054-0064,0064,SITE054,59,YEARS,<65,M,ASIAN,NOT HISPANIC OR LATINO,JPN,PEMBRO,Pembrolizumab + Pemetrexed + Platinum,Pembrolizumab
MK-3475-189,KEYNOTE189_SIM-SITE054-0254,0254,SITE054,54,YEARS,<65,M,WHITE,NOT HISPANIC OR LATINO,USA,PEMBRO,Pembrolizumab + Pemetrexed + Platinum,Pembrolizumab
MK-3475-189,KEYNOTE189_SIM-SITE054-0264,0264,SITE054,61,YEARS,<65,F,WHITE,NOT HISPANIC OR LATINO,AUS,CONTROL,Placebo + Pemetrexed + Platinum,Control
MK-3475-189,KEYNOTE189_SIM-SITE054-0310,0310,SITE054,81,YEARS,>=65,M,WHITE,NOT HISPANIC OR LATINO,ITA,PEMBRO,Pembrolizumab + Pemetrexed + Platinum,Pembrolizumab
MK-3475-189,KEYNOTE189_SIM-SITE054-0569,0569,SITE054,71,YEARS,>=65,M,ASIAN,NOT HISPANIC OR LATINO,JPN,CONTROL,Placebo + Pemetrexed + Platinum,Control
MK-3475-189,KEYNOTE189_SIM-SITE054-0579,0579,SITE054,59,YEARS,<65,M,WHITE,NOT HISPANIC OR LATINO,DEU,CONTROL,Placebo + Pemetrexed + Platinum,Control
MK-3475-189,KEYNOTE189_SIM-SITE054-0595,0595,SITE054,55,YEARS,<65,M,WHITE,NOT HISPANIC OR LATINO,FRA,PEMBRO,Pembrolizumab + Pemetrexed + Platinum,Pembrolizumab
MK-3475-189,KEYNOTE189_SIM-SITE055-0002,0002,SITE055,58,YEARS,<65,F,OTHER,NOT HISPANIC OR LATINO,USA,CONTROL,Placebo + Pemetrexed + Platinum,Control
MK-3475-189,KEYNOTE189_SIM-SITE055-0005,0005,SITE055,71,YEARS,>=65,M,OTHER,NOT HISPANIC OR LATINO,USA,PEMBRO,Pembrolizumab + Pemetrexed + Platinum,Pembrolizumab
MK-3475-189,KEYNOTE189_SIM-SITE055-0047,0047,SITE055,56,YEARS,<65,F,WHITE,NOT HISPANIC OR LATINO,USA,PEMBRO,Pembrolizumab + Pemetrexed + Platinum,Pembrolizumab
MK-3475-189,KEYNOTE189_SIM-SITE055-0061,0061,SITE055,58,YEARS,<65,M,WHITE,NOT HISPANIC OR LATINO,USA,CONTROL,Placebo + Pemetrexed + Platinum,Control
MK-3475-189,KEYNOTE189_SIM-SITE055-0100,0100,SITE055,65,YEARS,>=65,M,WHITE,NOT HISPANIC OR LATINO,DEU,PEMBRO,Pembrolizumab + Pemetrexed + Platinum,Pembrolizumab
MK-3475-189,KEYNOTE189_SIM-SITE055-0230,0230,SITE055,65,YEARS,>=65,F,WHITE,NOT HISPANIC OR LATINO,ESP,PEMBRO,Pembrolizumab + Pemetrexed + Platinum,Pembrolizumab
MK-3475-189,KEYNOTE189_SIM-SITE055-0234,0234,SITE055,56,YEARS,<65,M,WHITE,NOT HISPANIC OR LATINO,AUS,CONTROL,Placebo + Pemetrexed + Platinum,Control
MK-3475-189,KEYNOTE189_SIM-SITE055-0326,0326,SITE055,52,YEARS,<65,M,WHITE,NOT HISPANIC OR LATINO,ITA,PEMBRO,Pembrolizumab + Pemetrexed + Platinum,Pembrolizumab
MK-3475-189,KEYNOTE189_SIM-SITE055-0477,0477,SITE055,69,YEARS,>=65,M,ASIAN,NOT HISPANIC OR LATINO,USA,PEMBRO,Pembrolizumab + Pemetrexed + Platinum,Pembrolizumab
MK-3475-189,KEYNOTE189_SIM-SITE055-0577,0577,SITE055,59,YEARS,<65,M,WHITE,NOT HISPANIC OR LATINO,USA,PEMBRO,Pembrolizumab + Pemetrexed + Platinum,Pembrolizumab
MK-3475-189,KEYNOTE189_SIM-SITE055-0593,0593,SITE055,70,YEARS,>=65,F,ASIAN,NOT HISPANIC OR LATINO,KOR,PEMBRO,Pembrolizumab + Pemetrexed + Platinum,Pembrolizumab
MK-3475-189,KEYNOTE189_SIM-SITE056-0010,0010,SITE056,78,YEARS,>=65,F,ASIAN,NOT HISPANIC OR LATINO,JPN,PEMBRO,Pembrolizumab + Pemetrexed + Platinum,Pembrolizumab
MK-3475-189,KEYNOTE189_SIM-SITE056-0020,0020,SITE056,72,YEARS,>=65,M,WHITE,NOT HISPANIC OR LATINO,DEU,CONTROL,Placebo + Pemetrexed + Platinum,Control
MK-3475-189,KEYNOTE189_SIM-SITE056-0052,0052,SITE056,86,YEARS,>=65,M,ASIAN,NOT HISPANIC OR LATINO,JPN,PEMBRO,Pembrolizumab + Pemetrexed + Platinum,Pembrolizumab
MK-3475-189,KEYNOTE189_SIM-SITE056-0087,0087,SITE056,74,YEARS,>=65,M,WHITE,NOT HISPANIC OR LATINO,FRA,PEMBRO,Pembrolizumab + Pemetrexed + Platinum,Pembrolizumab
MK-3475-189,KEYNOTE189_SIM-SITE056-0137,0137,SITE056,60,YEARS,<65,M,WHITE,NOT HISPANIC OR LATINO,AUS,PEMBRO,Pembrolizumab + Pemetrexed + Platinum,Pembrolizumab
MK-3475-189,KEYNOTE189_SIM-SITE056-0139,0139,SITE056,83,YEARS,>=65,M,WHITE,HISPANIC OR LATINO,ITA,CONTROL,Placebo + Pemetrexed + Platinum,Control
MK-3475-189,KEYNOTE189_SIM-SITE056-0316,0316,SITE056,66,YEARS,>=65,M,WHITE,NOT HISPANIC OR LATINO,USA,CONTROL,Placebo + Pemetrexed + Platinum,Control
MK-3475-189,KEYNOTE189_SIM-SITE056-0375,0375,SITE056,57,YEARS,<65,M,WHITE,NOT HISPANIC OR LATINO,ISR,PEMBRO,Pembrolizumab + Pemetrexed + Platinum,Pembrolizumab
MK-3475-189,KEYNOTE189_SIM-SITE056-0479,0479,SITE056,76,YEARS,>=65,M,ASIAN,NOT HISPANIC OR LATINO,USA,PEMBRO,Pembrolizumab + Pemetrexed + Platinum,Pembrolizumab
MK-3475-189,KEYNOTE189_SIM-SITE056-0490,0490,SITE056,59,YEARS,<65,F,WHITE,NOT HISPANIC OR LATINO,ESP,PEMBRO,Pembrolizumab + Pemetrexed + Platinum,Pembrolizumab
MK-3475-189,KEYNOTE189_SIM-SITE056-0522,0522,SITE056,57,YEARS,<65,M,WHITE,NOT HISPANIC OR LATINO,USA,PEMBRO,Pembrolizumab + Pemetrexed + Platinum,Pembrolizumab
MK-3475-189,KEYNOTE189_SIM-SITE056-0550,0550,SITE056,59,YEARS,<65,M,WHITE,NOT HISPANIC OR LATINO,DEU,CONTROL,Placebo + Pemetrexed + Platinum,Control
MK-3475-189,KEYNOTE189_SIM-SITE056-0551,0551,SITE056,77,YEARS,>=65,M,WHITE,NOT HISPANIC OR LATINO,DEU,PEMBRO,Pembrolizumab + Pemetrexed + Platinum,Pembrolizumab
MK-3475-189,KEYNOTE189_SIM-SITE057-0004,0004,SITE057,52,YEARS,<65,M,WHITE,NOT HISPANIC OR LATINO,AUS,PEMBRO,Pembrolizumab + Pemetrexed + Platinum,Pembrolizumab
MK-3475-189,KEYNOTE189_SIM-SITE057-0022,0022,SITE057,66,YEARS,>=65,M,WHITE,NOT HISPANIC OR LATINO,GBR,PEMBRO,Pembrolizumab + Pemetrexed + Platinum,Pembrolizumab
MK-3475-189,KEYNOTE189_SIM-SITE057-0078,0078,SITE057,63,YEARS,<65,M,WHITE,NOT HISPANIC OR LATINO,USA,PEMBRO,Pembrolizumab + Pemetrexed + Platinum,Pembrolizumab
MK-3475-189,KEYNOTE189_SIM-SITE057-0111,0111,SITE057,49,YEARS,<65,F,WHITE,NOT HISPANIC OR LATINO,AUS,PEMBRO,Pembrolizumab + Pemetrexed + Platinum,Pembrolizumab
MK-3475-189,KEYNOTE189_SIM-SITE057-0182,0182,SITE057,66,YEARS,>=65,F,WHITE,NOT HISPANIC OR LATINO,FRA,CONTROL,Placebo + Pemetrexed + Platinum,Control
MK-3475-189,KEYNOTE189_SIM-SITE057-0229,0229,SITE057,61,YEARS,<65,M,WHITE,NOT HISPANIC OR LATINO,GBR,PEMBRO,Pembrolizumab + Pemetrexed + Platinum,Pembrolizumab
MK-3475-189,KEYNOTE189_SIM-SITE057-0304,0304,SITE057,54,YEARS,<65,F,WHITE,NOT HISPANIC OR LATINO,ITA,CONTROL,Placebo + Pemetrexed + Platinum,Control
MK-3475-189,KEYNOTE189_SIM-SITE057-0407,0407,SITE057,68,YEARS,>=65,M,WHITE,NOT HISPANIC OR LATINO,FRA,PEMBRO,Pembrolizumab + Pemetrexed + Platinum,Pembrolizumab
MK-3475-189,KEYNOTE189_SIM-SITE057-0427,0427,SITE057,62,YEARS,<65,F,WHITE,NOT HISPANIC OR LATINO,FRA,CONTROL,Placebo + Pemetrexed + Platinum,Control
MK-3475-189,KEYNOTE189_SIM-SITE057-0430,0430,SITE057,71,YEARS,>=65,M,WHITE,NOT HISPANIC OR LATINO,GBR,PEMBRO,Pembrolizumab + Pemetrexed + Platinum,Pembrolizumab
MK-3475-189,KEYNOTE189_SIM-SITE057-0431,0431,SITE057,74,YEARS,>=65,M,WHITE,NOT HISPANIC OR LATINO,USA,CONTROL,Placebo + Pemetrexed + Platinum,Control
MK-3475-189,KEYNOTE189_SIM-SITE057-0438,0438,SITE057,62,YEARS,<65,F,WHITE,NOT HISPANIC OR LATINO,DEU,PEMBRO,Pembrolizumab + Pemetrexed + Platinum,Pembrolizumab
MK-3475-189,KEYNOTE189_SIM-SITE058-0008,0008,SITE058,62,YEARS,<65,M,WHITE,NOT HISPANIC OR LATINO,USA,PEMBRO,Pembrolizumab + Pemetrexed + Platinum,Pembrolizumab
MK-3475-189,KEYNOTE189_SIM-SITE058-0095,0095,SITE058,49,YEARS,<65,F,WHITE,NOT HISPANIC OR LATINO,USA,PEMBRO,Pembrolizumab + Pemetrexed + Platinum,Pembrolizumab
MK-3475-189,KEYNOTE189_SIM-SITE058-0103,0103,SITE058,57,YEARS,<65,M,WHITE,NOT HISPANIC OR LATINO,FRA,PEMBRO,Pembrolizumab + Pemetrexed + Platinum,Pembrolizumab
MK-3475-189,KEYNOTE189_SIM-SITE058-0309,0309,SITE058,60,YEARS,<65,F,WHITE,NOT HISPANIC OR LATINO,AUS,PEMBRO,Pembrolizumab + Pemetrexed + Platinum,Pembrolizumab
MK-3475-189,KEYNOTE189_SIM-SITE058-0318,0318,SITE058,61,YEARS,<65,F,ASIAN,NOT HISPANIC OR LATINO,USA,PEMBRO,Pembrolizumab + Pemetrexed + Platinum,Pembrolizumab
MK-3475-189,KEYNOTE189_SIM-SITE058-0333,0333,SITE058,55,YEARS,<65,M,ASIAN,NOT HISPANIC OR LATINO,KOR,PEMBRO,Pembrolizumab + Pemetrexed + Platinum,Pembrolizumab
MK-3475-189,KEYNOTE189_SIM-SITE058-0371,0371,SITE058,54,YEARS,<65,F,WHITE,NOT HISPANIC OR LATINO,USA,CONTROL,Placebo + Pemetrexed + Platinum,Control
MK-3475-189,KEYNOTE189_SIM-SITE058-0432,0432,SITE058,52,YEARS,<65,M,WHITE,NOT HISPANIC OR LATINO,FRA,PEMBRO,Pembrolizumab + Pemetrexed + Platinum,Pembrolizumab
MK-3475-189,KEYNOTE189_SIM-SITE058-0472,0472,SITE058,71,YEARS,>=65,M,WHITE,NOT HISPANIC OR LATINO,FRA,PEMBRO,Pembrolizumab + Pemetrexed + Platinum,Pembrolizumab
MK-3475-189,KEYNOTE189_SIM-SITE058-0561,0561,SITE058,68,YEARS,>=65,M,WHITE,HISPANIC OR LATINO,USA,CONTROL,Placebo + Pemetrexed + Platinum,Control
MK-3475-189,KEYNOTE189_SIM-SITE058-0608,0608,SITE058,72,YEARS,>=65,M,WHITE,NOT HISPANIC OR LATINO,ISR,PEMBRO,Pembrolizumab + Pemetrexed + Platinum,Pembrolizumab
MK-3475-189,KEYNOTE189_SIM-SITE059-0016,0016,SITE059,63,YEARS,<65,F,ASIAN,NOT HISPANIC OR LATINO,KOR,PEMBRO,Pembrolizumab + Pemetrexed + Platinum,Pembrolizumab
MK-3475-189,KEYNOTE189_SIM-SITE059-0079,0079,SITE059,81,YEARS,>=65,M,WHITE,NOT HISPANIC OR LATINO,USA,PEMBRO,Pembrolizumab + Pemetrexed + Platinum,Pembrolizumab
MK-3475-189,KEYNOTE189_SIM-SITE059-0187,0187,SITE059,58,YEARS,<65,F,WHITE,NOT HISPANIC OR LATINO,ISR,CONTROL,Placebo + Pemetrexed + Platinum,Control
MK-3475-189,KEYNOTE189_SIM-SITE059-0218,0218,SITE059,71,YEARS,>=65,M,WHITE,NOT HISPANIC OR LATINO,FRA,PEMBRO,Pembrolizumab + Pemetrexed + Platinum,Pembrolizumab
MK-3475-189,KEYNOTE189_SIM-SITE059-0339,0339,SITE059,63,YEARS,<65,F,WHITE,NOT HISPANIC OR LATINO,ESP,PEMBRO,Pembrolizumab + Pemetrexed + Platinum,Pembrolizumab
MK-3475-189,KEYNOTE189_SIM-SITE059-0379,0379,SITE059,59,YEARS,<65,M,WHITE,NOT HISPANIC OR LATINO,ESP,PEMBRO,Pembrolizumab + Pemetrexed + Platinum,Pembrolizumab
MK-3475-189,KEYNOTE189_SIM-SITE060-0007,0007,SITE060,72,YEARS,>=65,M,BLACK OR AFRICAN AMERICAN,NOT HISPANIC OR LATINO,USA,PEMBRO,Pembrolizumab + Pemetrexed + Platinum,Pembrolizumab
MK-3475-189,KEYNOTE189_SIM-SITE060-0133,0133,SITE060,46,YEARS,<65,F,WHITE,NOT HISPANIC OR LATINO,ITA,PEMBRO,Pembrolizumab + Pemetrexed + Platinum,Pembrolizumab
MK-3475-189,KEYNOTE189_SIM-SITE060-0154,0154,SITE060,65,YEARS,>=65,M,ASIAN,NOT HISPANIC OR LATINO,KOR,CONTROL,Placebo + Pemetrexed + Platinum,Control
MK-3475-189,KEYNOTE189_SIM-SITE060-0165,0165,SITE060,73,YEARS,>=65,M,WHITE,NOT HISPANIC OR LATINO,ESP,CONTROL,Placebo + Pemetrexed + Platinum,Control
MK-3475-189,KEYNOTE189_SIM-SITE060-0166,0166,SITE060,76,YEARS,>=65,M,WHITE,NOT HISPANIC OR LATINO,ESP,PEMBRO,Pembrolizumab + Pemetrexed + Platinum,Pembrolizumab
MK-3475-189,KEYNOTE189_SIM-SITE060-0209,0209,SITE060,64,YEARS,<65,F,WHITE,NOT HISPANIC OR LATINO,ISR,PEMBRO,Pembrolizumab + Pemetrexed + Platinum,Pembrolizumab
MK-3475-189,KEYNOTE189_SIM-SITE060-0262,0262,SITE060,61,YEARS,<65,F,ASIAN,NOT HISPANIC OR LATINO,AUS,CONTROL,Placebo + Pemetrexed + Platinum,Control
MK-3475-189,KEYNOTE189_SIM-SITE060-0276,0276,SITE060,71,YEARS,>=65,M,ASIAN,NOT HISPANIC OR LATINO,AUS,PEMBRO,Pembrolizumab + Pemetrexed + Platinum,Pembrolizumab
MK-3475-189,KEYNOTE189_SIM-SITE060-0413,0413,SITE060,77,YEARS,>=65,M,WHITE,NOT HISPANIC OR LATINO,FRA,PEMBRO,Pembrolizumab + Pemetrexed + Platinum,Pembrolizumab
MK-3475-189,KEYNOTE189_SIM-SITE060-0414,0414,SITE060,63,YEARS,<65,F,ASIAN,HISPANIC OR LATINO,USA,PEMBRO,Pembrolizumab + Pemetrexed + Platinum,Pembrolizumab
MK-3475-189,KEYNOTE189_SIM-SITE060-0429,0429,SITE060,57,YEARS,<65,M,BLACK OR AFRICAN AMERICAN,NOT HISPANIC OR LATINO,USA,PEMBRO,Pembrolizumab + Pemetrexed + Platinum,Pembrolizumab
MK-3475-189,KEYNOTE189_SIM-SITE060-0433,0433,SITE060,50,YEARS,<65,M,WHITE,NOT HISPANIC OR LATINO,USA,PEMBRO,Pembrolizumab + Pemetrexed + Platinum,Pembrolizumab
MK-3475-189,KEYNOTE189_SIM-SITE060-0481,0481,SITE060,72,YEARS,>=65,M,WHITE,NOT HISPANIC OR LATINO,ITA,CONTROL,Placebo + Pemetrexed + Platinum,Control
MK-3475-189,KEYNOTE189_SIM-SITE060-0529,0529,SITE060,54,YEARS,<65,M,ASIAN,NOT HISPANIC OR LATINO,JPN,CONTROL,Placebo + Pemetrexed + Platinum,Control
MK-3475-189,KEYNOTE189_SIM-SITE060-0535,0535,SITE060,33,YEARS,<65,F,WHITE,NOT HISPANIC OR LATINO,AUS,PEMBRO,Pembrolizumab + Pemetrexed + Platinum,Pembrolizumab
MK-3475-189,KEYNOTE189_SIM-SITE060-0537,0537,SITE060,54,YEARS,<65,F,BLACK OR AFRICAN AMERICAN,NOT HISPANIC OR LATINO,USA,CONTROL,Placebo + Pemetrexed + Platinum,Control
MK-3475-189,KEYNOTE189_SIM-SITE060-0547,0547,SITE060,65,YEARS,>=65,F,ASIAN,NOT HISPANIC OR LATINO,JPN,PEMBRO,Pembrolizumab + Pemetrexed + Platinum,Pembrolizumab
MK-3475-189,KEYNOTE189_SIM-SITE060-0599,0599,SITE060,67,YEARS,>=65,M,WHITE,NOT HISPANIC OR LATINO,USA,PEMBRO,Pembrolizumab + Pemetrexed + Platinum,Pembrolizumab
MK-3475-189,KEYNOTE189_SIM-SITE060-0600,0600,SITE060,55,YEARS,<65,F,WHITE,NOT HISPANIC OR LATINO,USA,PEMBRO,Pembrolizumab + Pemetrexed + Platinum,Pembrolizumab
MK-3475-564,KEYNOTE564-S001-0011,0011,S001,50,YEARS,<65,M,WHITE,NOT HISPANIC OR LATINO,JPN,PBO,PLACEBO,Control
MK-3475-564,KEYNOTE564-S001-0116,0116,S001,41,YEARS,<65,F,UNKNOWN,NOT HISPANIC OR LATINO,USA,PBO,PLACEBO,Control
MK-3475-564,KEYNOTE564-S001-0185,0185,S001,57,YEARS,<65,M,WHITE,NOT HISPANIC OR LATINO,CHN,PEMBRO,PEMBROLIZUMAB,Pembrolizumab
MK-3475-564,KEYNOTE564-S001-0314,0314,S001,59,YEARS,<65,M,WHITE,NOT HISPANIC OR LATINO,CAN,PEMBRO,PEMBROLIZUMAB,Pembrolizumab
MK-3475-564,KEYNOTE564-S001-0354,0354,S001,72,YEARS,>=65,M,WHITE,NOT HISPANIC OR LATINO,USA,PEMBRO,PEMBROLIZUMAB,Pembrolizumab
MK-3475-564,KEYNOTE564-S001-0403,0403,S001,65,YEARS,>=65,M,WHITE,NOT HISPANIC OR LATINO,USA,PEMBRO,PEMBROLIZUMAB,Pembrolizumab
MK-3475-564,KEYNOTE564-S001-0493,0493,S001,59,YEARS,<65,M,WHITE,NOT HISPANIC OR LATINO,DEU,PBO,PLACEBO,Control
MK-3475-564,KEYNOTE564-S001-0500,0500,S001,55,YEARS,<65,F,ASIAN,HISPANIC OR LATINO,AUS,PEMBRO,PEMBROLIZUMAB,Pembrolizumab
MK-3475-564,KEYNOTE564-S001-0502,0502,S001,56,YEARS,<65,M,WHITE,NOT HISPANIC OR LATINO,ITA,PEMBRO,PEMBROLIZUMAB,Pembrolizumab
MK-3475-564,KEYNOTE564-S001-0517,0517,S001,48,YEARS,<65,M,UNKNOWN,NOT HISPANIC OR LATINO,AUS,PEMBRO,PEMBROLIZUMAB,Pembrolizumab
MK-3475-564,KEYNOTE564-S001-0533,0533,S001,49,YEARS,<65,M,WHITE,HISPANIC OR LATINO,USA,PEMBRO,PEMBROLIZUMAB,Pembrolizumab
MK-3475-564,KEYNOTE564-S001-0592,0592,S001,65,YEARS,>=65,M,WHITE,NOT HISPANIC OR LATINO,DEU,PBO,PLACEBO,Control
MK-3475-564,KEYNOTE564-S001-0619,0619,S001,50,YEARS,<65,M,WHITE,NOT HISPANIC OR LATINO,ESP,PEMBRO,PEMBROLIZUMAB,Pembrolizumab
MK-3475-564,KEYNOTE564-S001-0657,0657,S001,73,YEARS,>=65,F,WHITE,HISPANIC OR LATINO,USA,PBO,PLACEBO,Control
MK-3475-564,KEYNOTE564-S001-0674,0674,S001,55,YEARS,<65,M,WHITE,NOT HISPANIC OR LATINO,FRA,PEMBRO,PEMBROLIZUMAB,Pembrolizumab
MK-3475-564,KEYNOTE564-S001-0681,0681,S001,57,YEARS,<65,M,WHITE,NOT HISPANIC OR LATINO,CHN,PBO,PLACEBO,Control
MK-3475-564,KEYNOTE564-S001-0694,0694,S001,62,YEARS,<65,F,WHITE,NOT HISPANIC OR LATINO,ITA,PBO,PLACEBO,Control
MK-3475-564,KEYNOTE564-S001-0713,0713,S001,56,YEARS,<65,M,WHITE,NOT HISPANIC OR LATINO,ITA,PBO,PLACEBO,Control
MK-3475-564,KEYNOTE564-S001-0716,0716,S001,65,YEARS,>=65,M,ASIAN,NOT HISPANIC OR LATINO,USA,PEMBRO,PEMBROLIZUMAB,Pembrolizumab
MK-3475-564,KEYNOTE564-S001-0743,0743,S001,68,YEARS,>=65,M,ASIAN,NOT HISPANIC OR LATINO,RUS,PEMBRO,PEMBROLIZUMAB,Pembrolizumab
MK-3475-564,KEYNOTE564-S001-0753,0753,S001,60,YEARS,<65,M,WHITE,NOT HISPANIC OR LATINO,USA,PEMBRO,PEMBROLIZUMAB,Pembrolizumab
MK-3475-564,KEYNOTE564-S001-0806,0806,S001,47,YEARS,<65,M,MULTIPLE,NOT HISPANIC OR LATINO,ITA,PBO,PLACEBO,Control
MK-3475-564,KEYNOTE564-S001-0845,0845,S001,48,YEARS,<65,F,WHITE,NOT HISPANIC OR LATINO,USA,PBO,PLACEBO,Control
MK-3475-564,KEYNOTE564-S001-0894,0894,S001,51,YEARS,<65,M,WHITE,NOT HISPANIC OR LATINO,USA,PEMBRO,PEMBROLIZUMAB,Pembrolizumab
MK-3475-564,KEYNOTE564-S001-0906,0906,S001,66,YEARS,>=65,F,ASIAN,NOT HISPANIC OR LATINO,DEU,PBO,PLACEBO,Control
MK-3475-564,KEYNOTE564-S001-0917,0917,S001,45,YEARS,<65,F,WHITE,NOT HISPANIC OR LATINO,GBR,PBO,PLACEBO,Control
MK-3475-564,KEYNOTE564-S002-0066,0066,S002,58,YEARS,<65,F,ASIAN,HISPANIC OR LATINO,FRA,PBO,PLACEBO,Control
MK-3475-564,KEYNOTE564-S002-0110,0110,S002,58,YEARS,<65,M,WHITE,NOT HISPANIC OR LATINO,ITA,PEMBRO,PEMBROLIZUMAB,Pembrolizumab
MK-3475-564,KEYNOTE564-S002-0297,0297,S002,63,YEARS,<65,F,UNKNOWN,NOT HISPANIC OR LATINO,ITA,PBO,PLACEBO,Control
MK-3475-564,KEYNOTE564-S002-0304,0304,S002,37,YEARS,<65,F,WHITE,NOT HISPANIC OR LATINO,RUS,PBO,PLACEBO,Control
MK-3475-564,KEYNOTE564-S002-0308,0308,S002,58,YEARS,<65,M,WHITE,NOT HISPANIC OR LATINO,CAN,PBO,PLACEBO,Control
MK-3475-564,KEYNOTE564-S002-0318,0318,S002,52,YEARS,<65,M,AMERICAN INDIAN OR ALASKA NATIVE,NOT HISPANIC OR LATINO,FRA,PEMBRO,PEMBROLIZUMAB,Pembrolizumab
MK-3475-564,KEYNOTE564-S002-0389,0389,S002,52,YEARS,<65,F,WHITE,NOT HISPANIC OR LATINO,ESP,PEMBRO,PEMBROLIZUMAB,Pembrolizumab
MK-3475-564,KEYNOTE564-S002-0455,0455,S002,59,YEARS,<65,M,ASIAN,NOT HISPANIC OR LATINO,JPN,PEMBRO,PEMBROLIZUMAB,Pembrolizumab
MK-3475-564,KEYNOTE564-S002-0482,0482,S002,57,YEARS,<65,M,ASIAN,NOT HISPANIC OR LATINO,USA,PBO,PLACEBO,Control
MK-3475-564,KEYNOTE564-S002-0630,0630,S002,61,YEARS,<65,F,WHITE,NOT HISPANIC OR LATINO,ITA,PBO,PLACEBO,Control
MK-3475-564,KEYNOTE564-S002-0642,0642,S002,51,YEARS,<65,F,WHITE,NOT HISPANIC OR LATINO,RUS,PEMBRO,PEMBROLIZUMAB,Pembrolizumab
MK-3475-564,KEYNOTE564-S002-0763,0763,S002,54,YEARS,<65,M,WHITE,NOT HISPANIC OR LATINO,GBR,PBO,PLACEBO,Control
MK-3475-564,KEYNOTE564-S002-0936,0936,S002,40,YEARS,<65,M,ASIAN,NOT HISPANIC OR LATINO,RUS,PEMBRO,PEMBROLIZUMAB,Pembrolizumab
MK-3475-564,KEYNOTE564-S003-0020,0020,S003,61,YEARS,<65,M,WHITE,NOT HISPANIC OR LATINO,ESP,PEMBRO,PEMBROLIZUMAB,Pembrolizumab
MK-3475-564,KEYNOTE564-S003-0131,0131,S003,65,YEARS,>=65,M,WHITE,NOT HISPANIC OR LATINO,FRA,PEMBRO,PEMBROLIZUMAB,Pembrolizumab
MK-3475-564,KEYNOTE564-S003-0142,0142,S003,55,YEARS,<65,M,WHITE,NOT HISPANIC OR LATINO,GBR,PBO,PLACEBO,Control
MK-3475-564,KEYNOTE564-S003-0210,0210,S003,57,YEARS,<65,M,WHITE,NOT HISPANIC OR LATINO,RUS,PBO,PLACEBO,Control
MK-3475-564,KEYNOTE564-S003-0375,0375,S003,64,YEARS,<65,M,WHITE,NOT HISPANIC OR LATINO,ITA,PEMBRO,PEMBROLIZUMAB,Pembrolizumab
MK-3475-564,KEYNOTE564-S003-0381,0381,S003,63,YEARS,<65,M,WHITE,NOT HISPANIC OR LATINO,AUS,PEMBRO,PEMBROLIZUMAB,Pembrolizumab
MK-3475-564,KEYNOTE564-S003-0485,0485,S003,51,YEARS,<65,M,ASIAN,NOT HISPANIC OR LATINO,USA,PBO,PLACEBO,Control
MK-3475-564,KEYNOTE564-S003-0545,0545,S003,60,YEARS,<65,M,WHITE,NOT HISPANIC OR LATINO,CAN,PEMBRO,PEMBROLIZUMAB,Pembrolizumab
MK-3475-564,KEYNOTE564-S003-0550,0550,S003,52,YEARS,<65,F,WHITE,NOT HISPANIC OR LATINO,CAN,PEMBRO,PEMBROLIZUMAB,Pembrolizumab
MK-3475-564,KEYNOTE564-S003-0645,0645,S003,56,YEARS,<65,M,UNKNOWN,NOT HISPANIC OR LATINO,USA,PBO,PLACEBO,Control
MK-3475-564,KEYNOTE564-S003-0726,0726,S003,74,YEARS,>=65,F,WHITE,NOT HISPANIC OR LATINO,ESP,PEMBRO,PEMBROLIZUMAB,Pembrolizumab
MK-3475-564,KEYNOTE564-S003-0756,0756,S003,55,YEARS,<65,M,UNKNOWN,NOT HISPANIC OR LATINO,CAN,PBO,PLACEBO,Control
MK-3475-564,KEYNOTE564-S003-0825,0825,S003,64,YEARS,<65,M,ASIAN,NOT HISPANIC OR LATINO,FRA,PEMBRO,PEMBROLIZUMAB,Pembrolizumab
MK-3475-564,KEYNOTE564-S003-0905,0905,S003,56,YEARS,<65,M,WHITE,NOT HISPANIC OR LATINO,JPN,PEMBRO,PEMBROLIZUMAB,Pembrolizumab
MK-3475-564,KEYNOTE564-S003-0911,0911,S003,48,YEARS,<65,M,ASIAN,NOT HISPANIC OR LATINO,CHN,PEMBRO,PEMBROLIZUMAB,Pembrolizumab
MK-3475-564,KEYNOTE564-S003-0956,0956,S003,72,YEARS,>=65,M,AMERICAN INDIAN OR ALASKA NATIVE,NOT HISPANIC OR LATINO,AUS,PBO,PLACEBO,Control
MK-3475-564,KEYNOTE564-S003-0985,0985,S003,54,YEARS,<65,M,WHITE,NOT HISPANIC OR LATINO,CAN,PBO,PLACEBO,Control
MK-3475-564,KEYNOTE564-S004-0009,0009,S004,56,YEARS,<65,M,WHITE,NOT HISPANIC OR LATINO,CAN,PBO,PLACEBO,Control
MK-3475-564,KEYNOTE564-S004-0017,0017,S004,50,YEARS,<65,F,WHITE,NOT HISPANIC OR LATINO,CHN,PEMBRO,PEMBROLIZUMAB,Pembrolizumab
MK-3475-564,KEYNOTE564-S004-0039,0039,S004,50,YEARS,<65,M,WHITE,NOT HISPANIC OR LATINO,CHN,PBO,PLACEBO,Control
MK-3475-564,KEYNOTE564-S004-0043,0043,S004,65,YEARS,>=65,M,MULTIPLE,NOT HISPANIC OR LATINO,USA,PEMBRO,PEMBROLIZUMAB,Pembrolizumab
MK-3475-564,KEYNOTE564-S004-0120,0120,S004,77,YEARS,>=65,M,WHITE,NOT HISPANIC OR LATINO,CAN,PEMBRO,PEMBROLIZUMAB,Pembrolizumab
MK-3475-564,KEYNOTE564-S004-0122,0122,S004,55,YEARS,<65,M,ASIAN,NOT HISPANIC OR LATINO,ESP,PBO,PLACEBO,Control
MK-3475-564,KEYNOTE564-S004-0150,0150,S004,51,YEARS,<65,M,WHITE,NOT HISPANIC OR LATINO,USA,PEMBRO,PEMBROLIZUMAB,Pembrolizumab
MK-3475-564,KEYNOTE564-S004-0152,0152,S004,53,YEARS,<65,M,WHITE,HISPANIC OR LATINO,FRA,PBO,PLACEBO,Control
MK-3475-564,KEYNOTE564-S004-0179,0179,S004,59,YEARS,<65,F,WHITE,NOT HISPANIC OR LATINO,USA,PBO,PLACEBO,Control
MK-3475-564,KEYNOTE564-S004-0195,0195,S004,63,YEARS,<65,F,WHITE,NOT HISPANIC OR LATINO,JPN,PEMBRO,PEMBROLIZUMAB,Pembrolizumab
MK-3475-564,KEYNOTE564-S004-0213,0213,S004,46,YEARS,<65,M,WHITE,NOT HISPANIC OR LATINO,DEU,PEMBRO,PEMBROLIZUMAB,Pembrolizumab
MK-3475-564,KEYNOTE564-S004-0295,0295,S004,56,YEARS,<65,M,WHITE,NOT HISPANIC OR LATINO,USA,PEMBRO,PEMBROLIZUMAB,Pembrolizumab
MK-3475-564,KEYNOTE564-S004-0311,0311,S004,58,YEARS,<65,M,WHITE,NOT HISPANIC OR LATINO,CAN,PBO,PLACEBO,Control
MK-3475-564,KEYNOTE564-S004-0338,0338,S004,49,YEARS,<65,M,WHITE,NOT HISPANIC OR LATINO,JPN,PEMBRO,PEMBROLIZUMAB,Pembrolizumab
MK-3475-564,KEYNOTE564-S004-0406,0406,S004,65,YEARS,>=65,M,WHITE,NOT HISPANIC OR LATINO,USA,PBO,PLACEBO,Control
MK-3475-564,KEYNOTE564-S004-0424,0424,S004,76,YEARS,>=65,F,ASIAN,NOT HISPANIC OR LATINO,USA,PEMBRO,PEMBROLIZUMAB,Pembrolizumab
MK-3475-564,KEYNOTE564-S004-0467,0467,S004,60,YEARS,<65,F,WHITE,NOT HISPANIC OR LATINO,USA,PBO,PLACEBO,Control
MK-3475-564,KEYNOTE564-S004-0566,0566,S004,63,YEARS,<65,F,ASIAN,NOT HISPANIC OR LATINO,USA,PEMBRO,PEMBROLIZUMAB,Pembrolizumab
MK-3475-564,KEYNOTE564-S004-0640,0640,S004,45,YEARS,<65,F,WHITE,HISPANIC OR LATINO,USA,PBO,PLACEBO,Control
MK-3475-564,KEYNOTE564-S004-0701,0701,S004,50,YEARS,<65,F,WHITE,NOT HISPANIC OR LATINO,ESP,PBO,PLACEBO,Control
MK-3475-564,KEYNOTE564-S004-0707,0707,S004,63,YEARS,<65,F,WHITE,NOT HISPANIC OR LATINO,GBR,PEMBRO,PEMBROLIZUMAB,Pembrolizumab
MK-3475-564,KEYNOTE564-S004-0738,0738,S004,44,YEARS,<65,M,WHITE,NOT HISPANIC OR LATINO,KOR,PEMBRO,PEMBROLIZUMAB,Pembrolizumab
MK-3475-564,KEYNOTE564-S004-0746,0746,S004,52,YEARS,<65,M,ASIAN,NOT HISPANIC OR LATINO,USA,PEMBRO,PEMBROLIZUMAB,Pembrolizumab
MK-3475-564,KEYNOTE564-S004-0750,0750,S004,73,YEARS,>=65,M,WHITE,NOT HISPANIC OR LATINO,GBR,PBO,PLACEBO,Control
MK-3475-564,KEYNOTE564-S004-0771,0771,S004,59,YEARS,<65,F,WHITE,NOT HISPANIC OR LATINO,DEU,PBO,PLACEBO,Control
MK-3475-564,KEYNOTE564-S004-0783,0783,S004,50,YEARS,<65,M,WHITE,HISPANIC OR LATINO,FRA,PBO,PLACEBO,Control
MK-3475-564,KEYNOTE564-S004-0957,0957,S004,54,YEARS,<65,M,WHITE,NOT HISPANIC OR LATINO,USA,PBO,PLACEBO,Control
MK-3475-564,KEYNOTE564-S004-0993,0993,S004,73,YEARS,>=65,M,ASIAN,NOT HISPANIC OR LATINO,GBR,PBO,PLACEBO,Control
MK-3475-564,KEYNOTE564-S004-0994,0994,S004,52,YEARS,<65,M,WHITE,NOT HISPANIC OR LATINO,USA,PBO,PLACEBO,Control
MK-3475-564,KEYNOTE564-S005-0032,0032,S005,43,YEARS,<65,M,WHITE,NOT HISPANIC OR LATINO,USA,PBO,PLACEBO,Control
MK-3475-564,KEYNOTE564-S005-0035,0035,S005,40,YEARS,<65,F,ASIAN,NOT HISPANIC OR LATINO,USA,PEMBRO,PEMBROLIZUMAB,Pembrolizumab
MK-3475-564,KEYNOTE564-S005-0049,0049,S005,56,YEARS,<65,M,WHITE,NOT HISPANIC OR LATINO,DEU,PBO,PLACEBO,Control
MK-3475-564,KEYNOTE564-S005-0229,0229,S005,73,YEARS,>=65,M,ASIAN,NOT HISPANIC OR LATINO,GBR,PEMBRO,PEMBROLIZUMAB,Pembrolizumab
MK-3475-564,KEYNOTE564-S005-0259,0259,S005,61,YEARS,<65,M,WHITE,HISPANIC OR LATINO,USA,PEMBRO,PEMBROLIZUMAB,Pembrolizumab
MK-3475-564,KEYNOTE564-S005-0266,0266,S005,59,YEARS,<65,M,WHITE,NOT HISPANIC OR LATINO,DEU,PEMBRO,PEMBROLIZUMAB,Pembrolizumab
MK-3475-564,KEYNOTE564-S005-0299,0299,S005,60,YEARS,<65,M,WHITE,NOT HISPANIC OR LATINO,USA,PEMBRO,PEMBROLIZUMAB,Pembrolizumab
MK-3475-564,KEYNOTE564-S005-0379,0379,S005,49,YEARS,<65,M,WHITE,NOT HISPANIC OR LATINO,JPN,PEMBRO,PEMBROLIZUMAB,Pembrolizumab
MK-3475-564,KEYNOTE564-S005-0420,0420,S005,63,YEARS,<65,M,WHITE,NOT HISPANIC OR LATINO,ESP,PEMBRO,PEMBROLIZUMAB,Pembrolizumab
MK-3475-564,KEYNOTE564-S005-0448,0448,S005,61,YEARS,<65,M,WHITE,NOT HISPANIC OR LATINO,KOR,PEMBRO,PEMBROLIZUMAB,Pembrolizumab
MK-3475-564,KEYNOTE564-S005-0450,0450,S005,62,YEARS,<65,M,WHITE,HISPANIC OR LATINO,USA,PEMBRO,PEMBROLIZUMAB,Pembrolizumab
MK-3475-564,KEYNOTE564-S005-0471,0471,S005,54,YEARS,<65,M,WHITE,NOT HISPANIC OR LATINO,USA,PBO,PLACEBO,Control
MK-3475-564,KEYNOTE564-S005-0484,0484,S005,63,YEARS,<65,M,UNKNOWN,NOT HISPANIC OR LATINO,USA,PBO,PLACEBO,Control
MK-3475-564,KEYNOTE564-S005-0514,0514,S005,56,YEARS,<65,F,UNKNOWN,NOT HISPANIC OR LATINO,USA,PBO,PLACEBO,Control
MK-3475-564,KEYNOTE564-S005-0568,0568,S005,64,YEARS,<65,M,WHITE,NOT HISPANIC OR LATINO,ITA,PBO,PLACEBO,Control
MK-3475-564,KEYNOTE564-S005-0577,0577,S005,67,YEARS,>=65,F,WHITE,NOT HISPANIC OR LATINO,ITA,PBO,PLACEBO,Control
MK-3475-564,KEYNOTE564-S005-0596,0596,S005,59,YEARS,<65,M,UNKNOWN,NOT HISPANIC OR LATINO,ESP,PBO,PLACEBO,Control
MK-3475-564,KEYNOTE564-S005-0601,0601,S005,66,YEARS,>=65,M,WHITE,NOT HISPANIC OR LATINO,USA,PEMBRO,PEMBROLIZUMAB,Pembrolizumab
MK-3475-564,KEYNOTE564-S005-0606,0606,S005,64,YEARS,<65,M,ASIAN,NOT HISPANIC OR LATINO,USA,PBO,PLACEBO,Control
MK-3475-564,KEYNOTE564-S005-0807,0807,S005,64,YEARS,<65,F,UNKNOWN,NOT HISPANIC OR LATINO,KOR,PBO,PLACEBO,Control
MK-3475-564,KEYNOTE564-S005-0933,0933,S005,62,YEARS,<65,M,WHITE,NOT HISPANIC OR LATINO,RUS,PBO,PLACEBO,Control
MK-3475-564,KEYNOTE564-S005-0959,0959,S005,46,YEARS,<65,M,WHITE,NOT HISPANIC OR LATINO,CHN,PEMBRO,PEMBROLIZUMAB,Pembrolizumab
MK-3475-564,KEYNOTE564-S006-0015,0015,S006,38,YEARS,<65,M,WHITE,NOT HISPANIC OR LATINO,RUS,PEMBRO,PEMBROLIZUMAB,Pembrolizumab
MK-3475-564,KEYNOTE564-S006-0100,0100,S006,54,YEARS,<65,F,UNKNOWN,NOT HISPANIC OR LATINO,KOR,PBO,PLACEBO,Control
MK-3475-564,KEYNOTE564-S006-0194,0194,S006,62,YEARS,<65,M,ASIAN,NOT HISPANIC OR LATINO,USA,PBO,PLACEBO,Control
MK-3475-564,KEYNOTE564-S006-0199,0199,S006,71,YEARS,>=65,M,WHITE,NOT HISPANIC OR LATINO,ITA,PBO,PLACEBO,Control
MK-3475-564,KEYNOTE564-S006-0236,0236,S006,63,YEARS,<65,M,WHITE,NOT HISPANIC OR LATINO,KOR,PBO,PLACEBO,Control
MK-3475-564,KEYNOTE564-S006-0251,0251,S006,62,YEARS,<65,M,WHITE,NOT HISPANIC OR LATINO,USA,PEMBRO,PEMBROLIZUMAB,Pembrolizumab
MK-3475-564,KEYNOTE564-S006-0258,0258,S006,65,YEARS,>=65,F,UNKNOWN,NOT HISPANIC OR LATINO,JPN,PEMBRO,PEMBROLIZUMAB,Pembrolizumab
MK-3475-564,KEYNOTE564-S006-0286,0286,S006,52,YEARS,<65,M,WHITE,NOT HISPANIC OR LATINO,JPN,PEMBRO,PEMBROLIZUMAB,Pembrolizumab
MK-3475-564,KEYNOTE564-S006-0296,0296,S006,67,YEARS,>=65,M,WHITE,NOT HISPANIC OR LATINO,CAN,PBO,PLACEBO,Control
MK-3475-564,KEYNOTE564-S006-0302,0302,S006,66,YEARS,>=65,F,WHITE,HISPANIC OR LATINO,CHN,PEMBRO,PEMBROLIZUMAB,Pembrolizumab
MK-3475-564,KEYNOTE564-S006-0319,0319,S006,60,YEARS,<65,M,WHITE,NOT HISPANIC OR LATINO,CAN,PBO,PLACEBO,Control
MK-3475-564,KEYNOTE564-S006-0392,0392,S006,50,YEARS,<65,F,WHITE,HISPANIC OR LATINO,ITA,PEMBRO,PEMBROLIZUMAB,Pembrolizumab
MK-3475-564,KEYNOTE564-S006-0516,0516,S006,67,YEARS,>=65,M,WHITE,NOT HISPANIC OR LATINO,USA,PBO,PLACEBO,Control
MK-3475-564,KEYNOTE564-S006-0612,0612,S006,40,YEARS,<65,M,WHITE,NOT HISPANIC OR LATINO,USA,PBO,PLACEBO,Control
MK-3475-564,KEYNOTE564-S006-0775,0775,S006,52,YEARS,<65,M,WHITE,NOT HISPANIC OR LATINO,AUS,PEMBRO,PEMBROLIZUMAB,Pembrolizumab
MK-3475-564,KEYNOTE564-S006-0821,0821,S006,55,YEARS,<65,F,WHITE,HISPANIC OR LATINO,ITA,PBO,PLACEBO,Control
MK-3475-564,KEYNOTE564-S006-0824,0824,S006,55,YEARS,<65,F,WHITE,NOT HISPANIC OR LATINO,AUS,PEMBRO,PEMBROLIZUMAB,Pembrolizumab
MK-3475-564,KEYNOTE564-S006-0841,0841,S006,61,YEARS,<65,M,ASIAN,NOT HISPANIC OR LATINO,USA,PEMBRO,PEMBROLIZUMAB,Pembrolizumab
MK-3475-564,KEYNOTE564-S006-0886,0886,S006,48,YEARS,<65,M,WHITE,NOT HISPANIC OR LATINO,DEU,PEMBRO,PEMBROLIZUMAB,Pembrolizumab
MK-3475-564,KEYNOTE564-S006-0887,0887,S006,49,YEARS,<65,M,WHITE,HISPANIC OR LATINO,USA,PBO,PLACEBO,Control
MK-3475-564,KEYNOTE564-S006-0928,0928,S006,66,YEARS,>=65,M,UNKNOWN,NOT HISPANIC OR LATINO,DEU,PBO,PLACEBO,Control
MK-3475-564,KEYNOTE564-S007-0003,0003,S007,42,YEARS,<65,M,WHITE,NOT HISPANIC OR LATINO,DEU,PEMBRO,PEMBROLIZUMAB,Pembrolizumab
MK-3475-564,KEYNOTE564-S007-0016,0016,S007,46,YEARS,<65,F,ASIAN,NOT HISPANIC OR LATINO,CHN,PEMBRO,PEMBROLIZUMAB,Pembrolizumab
MK-3475-564,KEYNOTE564-S007-0087,0087,S007,38,YEARS,<65,M,WHITE,NOT HISPANIC OR LATINO,USA,PEMBRO,PEMBROLIZUMAB,Pembrolizumab
MK-3475-564,KEYNOTE564-S007-0094,0094,S007,72,YEARS,>=65,F,WHITE,NOT HISPANIC OR LATINO,CHN,PEMBRO,PEMBROLIZUMAB,Pembrolizumab
MK-3475-564,KEYNOTE564-S007-0172,0172,S007,68,YEARS,>=65,M,WHITE,NOT HISPANIC OR LATINO,KOR,PBO,PLACEBO,Control
MK-3475-564,KEYNOTE564-S007-0223,0223,S007,61,YEARS,<65,F,WHITE,HISPANIC OR LATINO,FRA,PEMBRO,PEMBROLIZUMAB,Pembrolizumab
MK-3475-564,KEYNOTE564-S007-0224,0224,S007,62,YEARS,<65,F,WHITE,NOT HISPANIC OR LATINO,ESP,PEMBRO,PEMBROLIZUMAB,Pembrolizumab
MK-3475-564,KEYNOTE564-S007-0237,0237,S007,56,YEARS,<65,F,WHITE,NOT HISPANIC OR LATINO,FRA,PEMBRO,PEMBROLIZUMAB,Pembrolizumab
MK-3475-564,KEYNOTE564-S007-0238,0238,S007,55,YEARS,<65,M,UNKNOWN,HISPANIC OR LATINO,KOR,PEMBRO,PEMBROLIZUMAB,Pembrolizumab
MK-3475-564,KEYNOTE564-S007-0260,0260,S007,26,YEARS,<65,M,WHITE,NOT HISPANIC OR LATINO,USA,PBO,PLACEBO,Control
MK-3475-564,KEYNOTE564-S007-0310,0310,S007,52,YEARS,<65,M,WHITE,NOT HISPANIC OR LATINO,RUS,PEMBRO,PEMBROLIZUMAB,Pembrolizumab
MK-3475-564,KEYNOTE564-S007-0316,0316,S007,58,YEARS,<65,M,WHITE,NOT HISPANIC OR LATINO,AUS,PEMBRO,PEMBROLIZUMAB,Pembrolizumab
MK-3475-564,KEYNOTE564-S007-0422,0422,S007,68,YEARS,>=65,F,WHITE,NOT HISPANIC OR LATINO,GBR,PEMBRO,PEMBROLIZUMAB,Pembrolizumab
MK-3475-564,KEYNOTE564-S007-0426,0426,S007,51,YEARS,<65,M,ASIAN,NOT HISPANIC OR LATINO,USA,PBO,PLACEBO,Control
MK-3475-564,KEYNOTE564-S007-0432,0432,S007,59,YEARS,<65,F,WHITE,HISPANIC OR LATINO,USA,PBO,PLACEBO,Control
MK-3475-564,KEYNOTE564-S007-0442,0442,S007,58,YEARS,<65,F,WHITE,NOT HISPANIC OR LATINO,AUS,PEMBRO,PEMBROLIZUMAB,Pembrolizumab
MK-3475-564,KEYNOTE564-S007-0506,0506,S007,46,YEARS,<65,M,WHITE,NOT HISPANIC OR LATINO,USA,PEMBRO,PEMBROLIZUMAB,Pembrolizumab
MK-3475-564,KEYNOTE564-S007-0511,0511,S007,50,YEARS,<65,M,ASIAN,NOT HISPANIC OR LATINO,GBR,PEMBRO,PEMBROLIZUMAB,Pembrolizumab
MK-3475-564,KEYNOTE564-S007-0531,0531,S007,52,YEARS,<65,M,WHITE,NOT HISPANIC OR LATINO,ITA,PEMBRO,PEMBROLIZUMAB,Pembrolizumab
MK-3475-564,KEYNOTE564-S007-0544,0544,S007,55,YEARS,<65,M,ASIAN,NOT HISPANIC OR LATINO,FRA,PEMBRO,PEMBROLIZUMAB,Pembrolizumab
MK-3475-564,KEYNOTE564-S007-0585,0585,S007,55,YEARS,<65,M,WHITE,NOT HISPANIC OR LATINO,FRA,PEMBRO,PEMBROLIZUMAB,Pembrolizumab
MK-3475-564,KEYNOTE564-S007-0629,0629,S007,53,YEARS,<65,M,WHITE,NOT HISPANIC OR LATINO,FRA,PBO,PLACEBO,Control
MK-3475-564,KEYNOTE564-S007-0677,0677,S007,49,YEARS,<65,F,WHITE,NOT HISPANIC OR LATINO,ESP,PBO,PLACEBO,Control
MK-3475-564,KEYNOTE564-S007-0752,0752,S007,33,YEARS,<65,F,WHITE,NOT HISPANIC OR LATINO,CAN,PBO,PLACEBO,Control
MK-3475-564,KEYNOTE564-S007-0800,0800,S007,57,YEARS,<65,M,ASIAN,NOT HISPANIC OR LATINO,KOR,PEMBRO,PEMBROLIZUMAB,Pembrolizumab
MK-3475-564,KEYNOTE564-S007-0812,0812,S007,62,YEARS,<65,M,WHITE,NOT HISPANIC OR LATINO,DEU,PBO,PLACEBO,Control
MK-3475-564,KEYNOTE564-S007-0834,0834,S007,59,YEARS,<65,F,WHITE,HISPANIC OR LATINO,USA,PEMBRO,PEMBROLIZUMAB,Pembrolizumab
MK-3475-564,KEYNOTE564-S007-0889,0889,S007,71,YEARS,>=65,M,UNKNOWN,NOT HISPANIC OR LATINO,ESP,PBO,PLACEBO,Control
MK-3475-564,KEYNOTE564-S007-0937,0937,S007,67,YEARS,>=65,M,WHITE,NOT HISPANIC OR LATINO,JPN,PEMBRO,PEMBROLIZUMAB,Pembrolizumab
MK-3475-564,KEYNOTE564-S007-0952,0952,S007,53,YEARS,<65,M,WHITE,HISPANIC OR LATINO,CAN,PEMBRO,PEMBROLIZUMAB,Pembrolizumab
MK-3475-564,KEYNOTE564-S007-0981,0981,S007,55,YEARS,<65,F,WHITE,NOT HISPANIC OR LATINO,ITA,PEMBRO,PEMBROLIZUMAB,Pembrolizumab
MK-3475-564,KEYNOTE564-S008-0013,0013,S008,61,YEARS,<65,F,ASIAN,NOT HISPANIC OR LATINO,CAN,PBO,PLACEBO,Control
MK-3475-564,KEYNOTE564-S008-0072,0072,S008,50,YEARS,<65,M,WHITE,NOT HISPANIC OR LATINO,JPN,PBO,PLACEBO,Control
MK-3475-564,KEYNOTE564-S008-0081,0081,S008,68,YEARS,>=65,M,WHITE,NOT HISPANIC OR LATINO,KOR,PEMBRO,PEMBROLIZUMAB,Pembrolizumab
MK-3475-564,KEYNOTE564-S008-0144,0144,S008,57,YEARS,<65,F,WHITE,NOT HISPANIC OR LATINO,FRA,PEMBRO,PEMBROLIZUMAB,Pembrolizumab
MK-3475-564,KEYNOTE564-S008-0148,0148,S008,51,YEARS,<65,M,WHITE,NOT HISPANIC OR LATINO,JPN,PBO,PLACEBO,Control
MK-3475-564,KEYNOTE564-S008-0184,0184,S008,60,YEARS,<65,M,BLACK OR AFRICAN AMERICAN,NOT HISPANIC OR LATINO,ESP,PEMBRO,PEMBROLIZUMAB,Pembrolizumab
MK-3475-564,KEYNOTE564-S008-0196,0196,S008,66,YEARS,>=65,M,WHITE,HISPANIC OR LATINO,ESP,PBO,PLACEBO,Control
MK-3475-564,KEYNOTE564-S008-0492,0492,S008,59,YEARS,<65,M,WHITE,NOT HISPANIC OR LATINO,RUS,PBO,PLACEBO,Control
MK-3475-564,KEYNOTE564-S008-0523,0523,S008,51,YEARS,<65,F,WHITE,HISPANIC OR LATINO,KOR,PBO,PLACEBO,Control
MK-3475-564,KEYNOTE564-S008-0543,0543,S008,56,YEARS,<65,M,WHITE,NOT HISPANIC OR LATINO,KOR,PBO,PLACEBO,Control
MK-3475-564,KEYNOTE564-S008-0558,0558,S008,19,YEARS,<65,F,ASIAN,NOT HISPANIC OR LATINO,ITA,PBO,PLACEBO,Control
MK-3475-564,KEYNOTE564-S008-0572,0572,S008,62,YEARS,<65,M,ASIAN,NOT HISPANIC OR LATINO,ITA,PBO,PLACEBO,Control
MK-3475-564,KEYNOTE564-S008-0614,0614,S008,60,YEARS,<65,M,WHITE,NOT HISPANIC OR LATINO,FRA,PEMBRO,PEMBROLIZUMAB,Pembrolizumab
MK-3475-564,KEYNOTE564-S008-0616,0616,S008,49,YEARS,<65,M,WHITE,NOT HISPANIC OR LATINO,CAN,PBO,PLACEBO,Control
MK-3475-564,KEYNOTE564-S008-0664,0664,S008,41,YEARS,<65,M,WHITE,NOT HISPANIC OR LATINO,ITA,PBO,PLACEBO,Control
MK-3475-564,KEYNOTE564-S008-0748,0748,S008,46,YEARS,<65,M,WHITE,NOT HISPANIC OR LATINO,USA,PEMBRO,PEMBROLIZUMAB,Pembrolizumab
MK-3475-564,KEYNOTE564-S008-0769,0769,S008,71,YEARS,>=65,M,ASIAN,NOT HISPANIC OR LATINO,FRA,PBO,PLACEBO,Control
MK-3475-564,KEYNOTE564-S008-0774,0774,S008,65,YEARS,>=65,M,WHITE,NOT HISPANIC OR LATINO,USA,PEMBRO,PEMBROLIZUMAB,Pembrolizumab
MK-3475-564,KEYNOTE564-S008-0816,0816,S008,57,YEARS,<65,M,WHITE,NOT HISPANIC OR LATINO,USA,PEMBRO,PEMBROLIZUMAB,Pembrolizumab
MK-3475-564,KEYNOTE564-S008-0820,0820,S008,60,YEARS,<65,M,ASIAN,HISPANIC OR LATINO,USA,PEMBRO,PEMBROLIZUMAB,Pembrolizumab
MK-3475-564,KEYNOTE564-S008-0829,0829,S008,64,YEARS,<65,F,UNKNOWN,HISPANIC OR LATINO,AUS,PBO,PLACEBO,Control
MK-3475-564,KEYNOTE564-S008-0902,0902,S008,50,YEARS,<65,M,WHITE,NOT HISPANIC OR LATINO,USA,PBO,PLACEBO,Control
MK-3475-564,KEYNOTE564-S008-0978,0978,S008,56,YEARS,<65,F,WHITE,HISPANIC OR LATINO,CHN,PEMBRO,PEMBROLIZUMAB,Pembrolizumab
MK-3475-564,KEYNOTE564-S009-0001,0001,S009,57,YEARS,<65,M,WHITE,NOT HISPANIC OR LATINO,USA,PEMBRO,PEMBROLIZUMAB,Pembrolizumab
MK-3475-564,KEYNOTE564-S009-0037,0037,S009,48,YEARS,<65,M,WHITE,NOT HISPANIC OR LATINO,USA,PBO,PLACEBO,Control
MK-3475-564,KEYNOTE564-S009-0095,0095,S009,62,YEARS,<65,F,WHITE,NOT HISPANIC OR LATINO,CAN,PEMBRO,PEMBROLIZUMAB,Pembrolizumab
MK-3475-564,KEYNOTE564-S009-0128,0128,S009,61,YEARS,<65,M,UNKNOWN,NOT HISPANIC OR LATINO,AUS,PEMBRO,PEMBROLIZUMAB,Pembrolizumab
MK-3475-564,KEYNOTE564-S009-0183,0183,S009,48,YEARS,<65,M,WHITE,HISPANIC OR LATINO,KOR,PEMBRO,PEMBROLIZUMAB,Pembrolizumab
MK-3475-564,KEYNOTE564-S009-0208,0208,S009,55,YEARS,<65,M,WHITE,NOT HISPANIC OR LATINO,USA,PBO,PLACEBO,Control
MK-3475-564,KEYNOTE564-S009-0217,0217,S009,57,YEARS,<65,M,WHITE,NOT HISPANIC OR LATINO,ESP,PEMBRO,PEMBROLIZUMAB,Pembrolizumab
MK-3475-564,KEYNOTE564-S009-0241,0241,S009,62,YEARS,<65,M,ASIAN,NOT HISPANIC OR LATINO,USA,PBO,PLACEBO,Control
MK-3475-564,KEYNOTE564-S009-0252,0252,S009,53,YEARS,<65,M,WHITE,NOT HISPANIC OR LATINO,GBR,PEMBRO,PEMBROLIZUMAB,Pembrolizumab
MK-3475-564,KEYNOTE564-S009-0289,0289,S009,55,YEARS,<65,M,WHITE,HISPANIC OR LATINO,ITA,PBO,PLACEBO,Control
MK-3475-564,KEYNOTE564-S009-0317,0317,S009,59,YEARS,<65,M,WHITE,NOT HISPANIC OR LATINO,USA,PEMBRO,PEMBROLIZUMAB,Pembrolizumab
MK-3475-564,KEYNOTE564-S009-0402,0402,S009,51,YEARS,<65,M,WHITE,NOT HISPANIC OR LATINO,KOR,PEMBRO,PEMBROLIZUMAB,Pembrolizumab
MK-3475-564,KEYNOTE564-S009-0417,0417,S009,66,YEARS,>=65,M,WHITE,NOT HISPANIC OR LATINO,KOR,PEMBRO,PEMBROLIZUMAB,Pembrolizumab
MK-3475-564,KEYNOTE564-S009-0437,0437,S009,58,YEARS,<65,F,WHITE,NOT HISPANIC OR LATINO,ITA,PBO,PLACEBO,Control
MK-3475-564,KEYNOTE564-S009-0438,0438,S009,61,YEARS,<65,M,WHITE,HISPANIC OR LATINO,CAN,PBO,PLACEBO,Control
MK-3475-564,KEYNOTE564-S009-0581,0581,S009,61,YEARS,<65,M,ASIAN,NOT HISPANIC OR LATINO,FRA,PEMBRO,PEMBROLIZUMAB,Pembrolizumab
MK-3475-564,KEYNOTE564-S009-0586,0586,S009,43,YEARS,<65,M,ASIAN,HISPANIC OR LATINO,CAN,PEMBRO,PEMBROLIZUMAB,Pembrolizumab
MK-3475-564,KEYNOTE564-S009-0622,0622,S009,67,YEARS,>=65,M,WHITE,NOT HISPANIC OR LATINO,DEU,PEMBRO,PEMBROLIZUMAB,Pembrolizumab
MK-3475-564,KEYNOTE564-S009-0627,0627,S009,55,YEARS,<65,M,WHITE,NOT HISPANIC OR LATINO,ESP,PBO,PLACEBO,Control
MK-3475-564,KEYNOTE564-S009-0639,0639,S009,69,YEARS,>=65,M,WHITE,NOT HISPANIC OR LATINO,AUS,PBO,PLACEBO,Control
MK-3475-564,KEYNOTE564-S009-0706,0706,S009,52,YEARS,<65,M,UNKNOWN,HISPANIC OR LATINO,AUS,PEMBRO,PEMBROLIZUMAB,Pembrolizumab
MK-3475-564,KEYNOTE564-S009-0754,0754,S009,63,YEARS,<65,F,WHITE,NOT HISPANIC OR LATINO,USA,PEMBRO,PEMBROLIZUMAB,Pembrolizumab
MK-3475-564,KEYNOTE564-S009-0772,0772,S009,43,YEARS,<65,M,WHITE,NOT HISPANIC OR LATINO,USA,PBO,PLACEBO,Control
MK-3475-564,KEYNOTE564-S009-0790,0790,S009,55,YEARS,<65,M,WHITE,HISPANIC OR LATINO,USA,PBO,PLACEBO,Control
MK-3475-564,KEYNOTE564-S009-0843,0843,S009,66,YEARS,>=65,F,WHITE,NOT HISPANIC OR LATINO,JPN,PEMBRO,PEMBROLIZUMAB,Pembrolizumab
MK-3475-564,KEYNOTE564-S009-0859,0859,S009,71,YEARS,>=65,M,UNKNOWN,NOT HISPANIC OR LATINO,AUS,PBO,PLACEBO,Control
MK-3475-564,KEYNOTE564-S009-0884,0884,S009,66,YEARS,>=65,M,WHITE,NOT HISPANIC OR LATINO,CHN,PEMBRO,PEMBROLIZUMAB,Pembrolizumab
MK-3475-564,KEYNOTE564-S009-0925,0925,S009,75,YEARS,>=65,M,WHITE,HISPANIC OR LATINO,FRA,PEMBRO,PEMBROLIZUMAB,Pembrolizumab
MK-3475-564,KEYNOTE564-S009-0935,0935,S009,54,YEARS,<65,M,WHITE,HISPANIC OR LATINO,USA,PBO,PLACEBO,Control
MK-3475-564,KEYNOTE564-S009-0942,0942,S009,67,YEARS,>=65,M,WHITE,NOT HISPANIC OR LATINO,USA,PEMBRO,PEMBROLIZUMAB,Pembrolizumab
MK-3475-564,KEYNOTE564-S009-0944,0944,S009,60,YEARS,<65,M,ASIAN,NOT HISPANIC OR LATINO,RUS,PEMBRO,PEMBROLIZUMAB,Pembrolizumab
MK-3475-564,KEYNOTE564-S010-0129,0129,S010,61,YEARS,<65,M,UNKNOWN,NOT HISPANIC OR LATINO,FRA,PEMBRO,PEMBROLIZUMAB,Pembrolizumab
MK-3475-564,KEYNOTE564-S010-0147,0147,S010,45,YEARS,<65,F,WHITE,NOT HISPANIC OR LATINO,KOR,PBO,PLACEBO,Control
MK-3475-564,KEYNOTE564-S010-0174,0174,S010,45,YEARS,<65,M,WHITE,HISPANIC OR LATINO,DEU,PBO,PLACEBO,Control
MK-3475-564,KEYNOTE564-S010-0234,0234,S010,49,YEARS,<65,M,MULTIPLE,NOT HISPANIC OR LATINO,USA,PBO,PLACEBO,Control
MK-3475-564,KEYNOTE564-S010-0239,0239,S010,64,YEARS,<65,F,WHITE,NOT HISPANIC OR LATINO,AUS,PEMBRO,PEMBROLIZUMAB,Pembrolizumab
MK-3475-564,KEYNOTE564-S010-0240,0240,S010,44,YEARS,<65,M,ASIAN,NOT HISPANIC OR LATINO,CAN,PBO,PLACEBO,Control
MK-3475-564,KEYNOTE564-S010-0348,0348,S010,39,YEARS,<65,F,ASIAN,NOT HISPANIC OR LATINO,ESP,PBO,PLACEBO,Control
MK-3475-564,KEYNOTE564-S010-0519,0519,S010,56,YEARS,<65,M,WHITE,NOT HISPANIC OR LATINO,ITA,PBO,PLACEBO,Control
MK-3475-564,KEYNOTE564-S010-0594,0594,S010,74,YEARS,>=65,F,WHITE,NOT HISPANIC OR LATINO,AUS,PBO,PLACEBO,Control
MK-3475-564,KEYNOTE564-S010-0607,0607,S010,74,YEARS,>=65,M,WHITE,HISPANIC OR LATINO,USA,PBO,PLACEBO,Control
MK-3475-564,KEYNOTE564-S010-0641,0641,S010,48,YEARS,<65,M,WHITE,NOT HISPANIC OR LATINO,ESP,PBO,PLACEBO,Control
MK-3475-564,KEYNOTE564-S010-0656,0656,S010,61,YEARS,<65,M,WHITE,HISPANIC OR LATINO,ITA,PBO,PLACEBO,Control
MK-3475-564,KEYNOTE564-S010-0659,0659,S010,48,YEARS,<65,F,ASIAN,NOT HISPANIC OR LATINO,RUS,PEMBRO,PEMBROLIZUMAB,Pembrolizumab
MK-3475-564,KEYNOTE564-S010-0698,0698,S010,69,YEARS,>=65,F,WHITE,NOT HISPANIC OR LATINO,ITA,PEMBRO,PEMBROLIZUMAB,Pembrolizumab
MK-3475-564,KEYNOTE564-S010-0789,0789,S010,55,YEARS,<65,M,WHITE,NOT HISPANIC OR LATINO,KOR,PBO,PLACEBO,Control
MK-3475-564,KEYNOTE564-S010-0856,0856,S010,54,YEARS,<65,M,WHITE,NOT HISPANIC OR LATINO,CHN,PBO,PLACEBO,Control
MK-3475-564,KEYNOTE564-S010-0863,0863,S010,72,YEARS,>=65,F,ASIAN,NOT HISPANIC OR LATINO,DEU,PBO,PLACEBO,Control
MK-3475-564,KEYNOTE564-S010-0892,0892,S010,58,YEARS,<65,M,WHITE,NOT HISPANIC OR LATINO,KOR,PEMBRO,PEMBROLIZUMAB,Pembrolizumab
MK-3475-564,KEYNOTE564-S011-0006,0006,S011,65,YEARS,>=65,M,WHITE,NOT HISPANIC OR LATINO,ITA,PEMBRO,PEMBROLIZUMAB,Pembrolizumab
MK-3475-564,KEYNOTE564-S011-0073,0073,S011,46,YEARS,<65,F,WHITE,NOT HISPANIC OR LATINO,USA,PEMBRO,PEMBROLIZUMAB,Pembrolizumab
MK-3475-564,KEYNOTE564-S011-0074,0074,S011,75,YEARS,>=65,M,WHITE,NOT HISPANIC OR LATINO,USA,PBO,PLACEBO,Control
MK-3475-564,KEYNOTE564-S011-0109,0109,S011,51,YEARS,<65,M,ASIAN,NOT HISPANIC OR LATINO,USA,PBO,PLACEBO,Control
MK-3475-564,KEYNOTE564-S011-0271,0271,S011,65,YEARS,>=65,M,WHITE,NOT HISPANIC OR LATINO,DEU,PEMBRO,PEMBROLIZUMAB,Pembrolizumab
MK-3475-564,KEYNOTE564-S011-0329,0329,S011,58,YEARS,<65,M,WHITE,NOT HISPANIC OR LATINO,CHN,PEMBRO,PEMBROLIZUMAB,Pembrolizumab
MK-3475-564,KEYNOTE564-S011-0346,0346,S011,52,YEARS,<65,F,WHITE,NOT HISPANIC OR LATINO,USA,PEMBRO,PEMBROLIZUMAB,Pembrolizumab
MK-3475-564,KEYNOTE564-S011-0350,0350,S011,52,YEARS,<65,M,WHITE,HISPANIC OR LATINO,KOR,PBO,PLACEBO,Control
MK-3475-564,KEYNOTE564-S011-0359,0359,S011,57,YEARS,<65,F,WHITE,NOT HISPANIC OR LATINO,KOR,PBO,PLACEBO,Control
MK-3475-564,KEYNOTE564-S011-0371,0371,S011,50,YEARS,<65,F,BLACK OR AFRICAN AMERICAN,NOT HISPANIC OR LATINO,CHN,PEMBRO,PEMBROLIZUMAB,Pembrolizumab
MK-3475-564,KEYNOTE564-S011-0398,0398,S011,56,YEARS,<65,M,WHITE,NOT HISPANIC OR LATINO,CHN,PEMBRO,PEMBROLIZUMAB,Pembrolizumab
MK-3475-564,KEYNOTE564-S011-0428,0428,S011,57,YEARS,<65,M,WHITE,NOT HISPANIC OR LATINO,GBR,PEMBRO,PEMBROLIZUMAB,Pembrolizumab
MK-3475-564,KEYNOTE564-S011-0461,0461,S011,55,YEARS,<65,M,WHITE,NOT HISPANIC OR LATINO,AUS,PBO,PLACEBO,Control
MK-3475-564,KEYNOTE564-S011-0474,0474,S011,52,YEARS,<65,M,WHITE,NOT HISPANIC OR LATINO,USA,PEMBRO,PEMBROLIZUMAB,Pembrolizumab
MK-3475-564,KEYNOTE564-S011-0481,0481,S011,62,YEARS,<65,F,WHITE,NOT HISPANIC OR LATINO,JPN,PBO,PLACEBO,Control
MK-3475-564,KEYNOTE564-S011-0563,0563,S011,62,YEARS,<65,M,ASIAN,HISPANIC OR LATINO,KOR,PEMBRO,PEMBROLIZUMAB,Pembrolizumab
MK-3475-564,KEYNOTE564-S011-0569,0569,S011,46,YEARS,<65,M,WHITE,NOT HISPANIC OR LATINO,USA,PEMBRO,PEMBROLIZUMAB,Pembrolizumab
MK-3475-564,KEYNOTE564-S011-0722,0722,S011,56,YEARS,<65,M,ASIAN,NOT HISPANIC OR LATINO,ESP,PBO,PLACEBO,Control
MK-3475-564,KEYNOTE564-S011-0804,0804,S011,71,YEARS,>=65,M,WHITE,NOT HISPANIC OR LATINO,RUS,PBO,PLACEBO,Control
MK-3475-564,KEYNOTE564-S011-0809,0809,S011,49,YEARS,<65,F,WHITE,NOT HISPANIC OR LATINO,FRA,PBO,PLACEBO,Control
MK-3475-564,KEYNOTE564-S011-0844,0844,S011,67,YEARS,>=65,M,WHITE,HISPANIC OR LATINO,AUS,PEMBRO,PEMBROLIZUMAB,Pembrolizumab
MK-3475-564,KEYNOTE564-S011-0847,0847,S011,54,YEARS,<65,F,WHITE,NOT HISPANIC OR LATINO,USA,PBO,PLACEBO,Control
MK-3475-564,KEYNOTE564-S011-0850,0850,S011,72,YEARS,>=65,M,WHITE,NOT HISPANIC OR LATINO,ITA,PEMBRO,PEMBROLIZUMAB,Pembrolizumab
MK-3475-564,KEYNOTE564-S011-0876,0876,S011,54,YEARS,<65,M,WHITE,NOT HISPANIC OR LATINO,USA,PEMBRO,PEMBROLIZUMAB,Pembrolizumab
MK-3475-564,KEYNOTE564-S011-0930,0930,S011,66,YEARS,>=65,M,WHITE,NOT HISPANIC OR LATINO,DEU,PBO,PLACEBO,Control
MK-3475-564,KEYNOTE564-S011-0940,0940,S011,60,YEARS,<65,M,WHITE,NOT HISPANIC OR LATINO,USA,PBO,PLACEBO,Control
MK-3475-564,KEYNOTE564-S011-0949,0949,S011,56,YEARS,<65,M,WHITE,NOT HISPANIC OR LATINO,USA,PEMBRO,PEMBROLIZUMAB,Pembrolizumab
MK-3475-564,KEYNOTE564-S012-0031,0031,S012,56,YEARS,<65,M,WHITE,NOT HISPANIC OR LATINO,FRA,PEMBRO,PEMBROLIZUMAB,Pembrolizumab
MK-3475-564,KEYNOTE564-S012-0067,0067,S012,40,YEARS,<65,F,WHITE,NOT HISPANIC OR LATINO,KOR,PBO,PLACEBO,Control
MK-3475-564,KEYNOTE564-S012-0079,0079,S012,62,YEARS,<65,M,ASIAN,NOT HISPANIC OR LATINO,GBR,PBO,PLACEBO,Control
MK-3475-564,KEYNOTE564-S012-0097,0097,S012,55,YEARS,<65,F,WHITE,HISPANIC OR LATINO,USA,PEMBRO,PEMBROLIZUMAB,Pembrolizumab
MK-3475-564,KEYNOTE564-S012-0117,0117,S012,53,YEARS,<65,M,WHITE,NOT HISPANIC OR LATINO,USA,PEMBRO,PEMBROLIZUMAB,Pembrolizumab
MK-3475-564,KEYNOTE564-S012-0146,0146,S012,47,YEARS,<65,M,WHITE,NOT HISPANIC OR LATINO,USA,PBO,PLACEBO,Control
MK-3475-564,KEYNOTE564-S012-0366,0366,S012,65,YEARS,>=65,M,UNKNOWN,NOT HISPANIC OR LATINO,JPN,PEMBRO,PEMBROLIZUMAB,Pembrolizumab
MK-3475-564,KEYNOTE564-S012-0444,0444,S012,54,YEARS,<65,F,UNKNOWN,NOT HISPANIC OR LATINO,USA,PEMBRO,PEMBROLIZUMAB,Pembrolizumab
MK-3475-564,KEYNOTE564-S012-0496,0496,S012,53,YEARS,<65,F,WHITE,NOT HISPANIC OR LATINO,USA,PBO,PLACEBO,Control
MK-3475-564,KEYNOTE564-S012-0522,0522,S012,67,YEARS,>=65,M,BLACK OR AFRICAN AMERICAN,NOT HISPANIC OR LATINO,CHN,PEMBRO,PEMBROLIZUMAB,Pembrolizumab
MK-3475-564,KEYNOTE564-S012-0527,0527,S012,63,YEARS,<65,M,WHITE,NOT HISPANIC OR LATINO,ESP,PEMBRO,PEMBROLIZUMAB,Pembrolizumab
MK-3475-564,KEYNOTE564-S012-0542,0542,S012,49,YEARS,<65,M,WHITE,NOT HISPANIC OR LATINO,GBR,PEMBRO,PEMBROLIZUMAB,Pembrolizumab
MK-3475-564,KEYNOTE564-S012-0591,0591,S012,63,YEARS,<65,F,UNKNOWN,NOT HISPANIC OR LATINO,USA,PEMBRO,PEMBROLIZUMAB,Pembrolizumab
MK-3475-564,KEYNOTE564-S012-0916,0916,S012,57,YEARS,<65,M,WHITE,NOT HISPANIC OR LATINO,USA,PBO,PLACEBO,Control
MK-3475-564,KEYNOTE564-S012-0924,0924,S012,52,YEARS,<65,M,WHITE,NOT HISPANIC OR LATINO,USA,PBO,PLACEBO,Control
MK-3475-564,KEYNOTE564-S012-0961,0961,S012,60,YEARS,<65,F,WHITE,NOT HISPANIC OR LATINO,CAN,PEMBRO,PEMBROLIZUMAB,Pembrolizumab
MK-3475-564,KEYNOTE564-S012-0969,0969,S012,64,YEARS,<65,F,ASIAN,HISPANIC OR LATINO,FRA,PBO,PLACEBO,Control
MK-3475-564,KEYNOTE564-S013-0010,0010,S013,56,YEARS,<65,M,WHITE,NOT HISPANIC OR LATINO,USA,PBO,PLACEBO,Control
MK-3475-564,KEYNOTE564-S013-0101,0101,S013,43,YEARS,<65,F,WHITE,NOT HISPANIC OR LATINO,KOR,PEMBRO,PEMBROLIZUMAB,Pembrolizumab
MK-3475-564,KEYNOTE564-S013-0113,0113,S013,67,YEARS,>=65,M,WHITE,NOT HISPANIC OR LATINO,KOR,PBO,PLACEBO,Control
MK-3475-564,KEYNOTE564-S013-0181,0181,S013,58,YEARS,<65,F,WHITE,NOT HISPANIC OR LATINO,FRA,PEMBRO,PEMBROLIZUMAB,Pembrolizumab
MK-3475-564,KEYNOTE564-S013-0190,0190,S013,58,YEARS,<65,F,WHITE,NOT HISPANIC OR LATINO,RUS,PEMBRO,PEMBROLIZUMAB,Pembrolizumab
MK-3475-564,KEYNOTE564-S013-0246,0246,S013,36,YEARS,<65,M,WHITE,NOT HISPANIC OR LATINO,GBR,PEMBRO,PEMBROLIZUMAB,Pembrolizumab
MK-3475-564,KEYNOTE564-S013-0312,0312,S013,59,YEARS,<65,M,WHITE,NOT HISPANIC OR LATINO,CAN,PBO,PLACEBO,Control
MK-3475-564,KEYNOTE564-S013-0313,0313,S013,63,YEARS,<65,F,WHITE,NOT HISPANIC OR LATINO,JPN,PBO,PLACEBO,Control
MK-3475-564,KEYNOTE564-S013-0334,0334,S013,61,YEARS,<65,F,WHITE,NOT HISPANIC OR LATINO,CAN,PBO,PLACEBO,Control
MK-3475-564,KEYNOTE564-S013-0336,0336,S013,65,YEARS,>=65,M,WHITE,NOT HISPANIC OR LATINO,FRA,PBO,PLACEBO,Control
MK-3475-564,KEYNOTE564-S013-0456,0456,S013,60,YEARS,<65,M,WHITE,NOT HISPANIC OR LATINO,USA,PBO,PLACEBO,Control
MK-3475-564,KEYNOTE564-S013-0463,0463,S013,49,YEARS,<65,M,WHITE,NOT HISPANIC OR LATINO,USA,PBO,PLACEBO,Control
MK-3475-564,KEYNOTE564-S013-0633,0633,S013,60,YEARS,<65,F,WHITE,NOT HISPANIC OR LATINO,JPN,PBO,PLACEBO,Control
MK-3475-564,KEYNOTE564-S013-0741,0741,S013,50,YEARS,<65,M,ASIAN,NOT HISPANIC OR LATINO,DEU,PEMBRO,PEMBROLIZUMAB,Pembrolizumab
MK-3475-564,KEYNOTE564-S013-0768,0768,S013,55,YEARS,<65,M,WHITE,HISPANIC OR LATINO,ESP,PBO,PLACEBO,Control
MK-3475-564,KEYNOTE564-S013-0828,0828,S013,66,YEARS,>=65,M,WHITE,NOT HISPANIC OR LATINO,CHN,PEMBRO,PEMBROLIZUMAB,Pembrolizumab
MK-3475-564,KEYNOTE564-S013-0861,0861,S013,71,YEARS,>=65,M,WHITE,NOT HISPANIC OR LATINO,GBR,PBO,PLACEBO,Control
MK-3475-564,KEYNOTE564-S013-0873,0873,S013,54,YEARS,<65,M,WHITE,HISPANIC OR LATINO,FRA,PBO,PLACEBO,Control
MK-3475-564,KEYNOTE564-S013-0877,0877,S013,63,YEARS,<65,M,ASIAN,NOT HISPANIC OR LATINO,USA,PBO,PLACEBO,Control
MK-3475-564,KEYNOTE564-S013-0964,0964,S013,72,YEARS,>=65,F,WHITE,NOT HISPANIC OR LATINO,USA,PBO,PLACEBO,Control
MK-3475-564,KEYNOTE564-S013-0968,0968,S013,59,YEARS,<65,F,WHITE,NOT HISPANIC OR LATINO,CAN,PEMBRO,PEMBROLIZUMAB,Pembrolizumab
MK-3475-564,KEYNOTE564-S014-0038,0038,S014,69,YEARS,>=65,M,UNKNOWN,NOT HISPANIC OR LATINO,CAN,PEMBRO,PEMBROLIZUMAB,Pembrolizumab
MK-3475-564,KEYNOTE564-S014-0093,0093,S014,60,YEARS,<65,M,WHITE,NOT HISPANIC OR LATINO,ESP,PBO,PLACEBO,Control
MK-3475-564,KEYNOTE564-S014-0104,0104,S014,44,YEARS,<65,M,WHITE,NOT HISPANIC OR LATINO,FRA,PEMBRO,PEMBROLIZUMAB,Pembrolizumab
MK-3475-564,KEYNOTE564-S014-0203,0203,S014,43,YEARS,<65,M,ASIAN,NOT HISPANIC OR LATINO,USA,PEMBRO,PEMBROLIZUMAB,Pembrolizumab
MK-3475-564,KEYNOTE564-S014-0211,0211,S014,68,YEARS,>=65,M,WHITE,NOT HISPANIC OR LATINO,CAN,PBO,PLACEBO,Control
MK-3475-564,KEYNOTE564-S014-0261,0261,S014,43,YEARS,<65,M,WHITE,NOT HISPANIC OR LATINO,USA,PBO,PLACEBO,Control
MK-3475-564,KEYNOTE564-S014-0287,0287,S014,52,YEARS,<65,M,WHITE,HISPANIC OR LATINO,CHN,PBO,PLACEBO,Control
MK-3475-564,KEYNOTE564-S014-0358,0358,S014,68,YEARS,>=65,M,WHITE,NOT HISPANIC OR LATINO,USA,PBO,PLACEBO,Control
MK-3475-564,KEYNOTE564-S014-0414,0414,S014,61,YEARS,<65,M,AMERICAN INDIAN OR ALASKA NATIVE,NOT HISPANIC OR LATINO,GBR,PEMBRO,PEMBROLIZUMAB,Pembrolizumab
MK-3475-564,KEYNOTE564-S014-0462,0462,S014,59,YEARS,<65,F,UNKNOWN,NOT HISPANIC OR LATINO,CAN,PEMBRO,PEMBROLIZUMAB,Pembrolizumab
MK-3475-564,KEYNOTE564-S014-0498,0498,S014,52,YEARS,<65,F,UNKNOWN,NOT HISPANIC OR LATINO,AUS,PEMBRO,PEMBROLIZUMAB,Pembrolizumab
MK-3475-564,KEYNOTE564-S014-0504,0504,S014,61,YEARS,<65,M,WHITE,NOT HISPANIC OR LATINO,USA,PEMBRO,PEMBROLIZUMAB,Pembrolizumab
MK-3475-564,KEYNOTE564-S014-0571,0571,S014,47,YEARS,<65,M,WHITE,NOT HISPANIC OR LATINO,ITA,PBO,PLACEBO,Control
MK-3475-564,KEYNOTE564-S014-0704,0704,S014,54,YEARS,<65,F,WHITE,NOT HISPANIC OR LATINO,RUS,PBO,PLACEBO,Control
MK-3475-564,KEYNOTE564-S014-0718,0718,S014,56,YEARS,<65,M,WHITE,NOT HISPANIC OR LATINO,ESP,PBO,PLACEBO,Control
MK-3475-564,KEYNOTE564-S014-0734,0734,S014,68,YEARS,>=65,M,UNKNOWN,NOT HISPANIC OR LATINO,ESP,PEMBRO,PEMBROLIZUMAB,Pembrolizumab
MK-3475-564,KEYNOTE564-S014-0779,0779,S014,55,YEARS,<65,M,WHITE,NOT HISPANIC OR LATINO,CHN,PEMBRO,PEMBROLIZUMAB,Pembrolizumab
MK-3475-564,KEYNOTE564-S014-0784,0784,S014,50,YEARS,<65,F,WHITE,HISPANIC OR LATINO,ESP,PEMBRO,PEMBROLIZUMAB,Pembrolizumab
MK-3475-564,KEYNOTE564-S014-0803,0803,S014,63,YEARS,<65,F,ASIAN,NOT HISPANIC OR LATINO,FRA,PEMBRO,PEMBROLIZUMAB,Pembrolizumab
MK-3475-564,KEYNOTE564-S014-0857,0857,S014,59,YEARS,<65,F,WHITE,NOT HISPANIC OR LATINO,RUS,PBO,PLACEBO,Control
MK-3475-564,KEYNOTE564-S014-0931,0931,S014,51,YEARS,<65,M,WHITE,NOT HISPANIC OR LATINO,AUS,PEMBRO,PEMBROLIZUMAB,Pembrolizumab
MK-3475-564,KEYNOTE564-S014-0954,0954,S014,66,YEARS,>=65,M,WHITE,NOT HISPANIC OR LATINO,USA,PBO,PLACEBO,Control
MK-3475-564,KEYNOTE564-S015-0030,0030,S015,71,YEARS,>=65,F,ASIAN,HISPANIC OR LATINO,CHN,PEMBRO,PEMBROLIZUMAB,Pembrolizumab
MK-3475-564,KEYNOTE564-S015-0071,0071,S015,56,YEARS,<65,F,WHITE,NOT HISPANIC OR LATINO,AUS,PBO,PLACEBO,Control
MK-3475-564,KEYNOTE564-S015-0115,0115,S015,64,YEARS,<65,M,WHITE,NOT HISPANIC OR LATINO,CAN,PBO,PLACEBO,Control
MK-3475-564,KEYNOTE564-S015-0198,0198,S015,60,YEARS,<65,M,ASIAN,NOT HISPANIC OR LATINO,USA,PBO,PLACEBO,Control
MK-3475-564,KEYNOTE564-S015-0201,0201,S015,55,YEARS,<65,M,WHITE,NOT HISPANIC OR LATINO,ITA,PBO,PLACEBO,Control
MK-3475-564,KEYNOTE564-S015-0324,0324,S015,63,YEARS,<65,M,WHITE,NOT HISPANIC OR LATINO,CHN,PEMBRO,PEMBROLIZUMAB,Pembrolizumab
MK-3475-564,KEYNOTE564-S015-0328,0328,S015,62,YEARS,<65,F,WHITE,NOT HISPANIC OR LATINO,ITA,PBO,PLACEBO,Control
MK-3475-564,KEYNOTE564-S015-0344,0344,S015,59,YEARS,<65,M,WHITE,NOT HISPANIC OR LATINO,RUS,PBO,PLACEBO,Control
MK-3475-564,KEYNOTE564-S015-0356,0356,S015,56,YEARS,<65,M,ASIAN,NOT HISPANIC OR LATINO,CAN,PEMBRO,PEMBROLIZUMAB,Pembrolizumab
MK-3475-564,KEYNOTE564-S015-0364,0364,S015,58,YEARS,<65,F,WHITE,NOT HISPANIC OR LATINO,CAN,PBO,PLACEBO,Control
MK-3475-564,KEYNOTE564-S015-0391,0391,S015,65,YEARS,>=65,F,ASIAN,NOT HISPANIC OR LATINO,FRA,PEMBRO,PEMBROLIZUMAB,Pembrolizumab
MK-3475-564,KEYNOTE564-S015-0436,0436,S015,50,YEARS,<65,F,WHITE,NOT HISPANIC OR LATINO,USA,PEMBRO,PEMBROLIZUMAB,Pembrolizumab
MK-3475-564,KEYNOTE564-S015-0449,0449,S015,50,YEARS,<65,M,WHITE,NOT HISPANIC OR LATINO,AUS,PBO,PLACEBO,Control
MK-3475-564,KEYNOTE564-S015-0453,0453,S015,76,YEARS,>=65,F,UNKNOWN,NOT HISPANIC OR LATINO,FRA,PBO,PLACEBO,Control
MK-3475-564,KEYNOTE564-S015-0478,0478,S015,64,YEARS,<65,M,WHITE,NOT HISPANIC OR LATINO,JPN,PEMBRO,PEMBROLIZUMAB,Pembrolizumab
MK-3475-564,KEYNOTE564-S015-0483,0483,S015,56,YEARS,<65,F,UNKNOWN,HISPANIC OR LATINO,USA,PBO,PLACEBO,Control
MK-3475-564,KEYNOTE564-S015-0508,0508,S015,58,YEARS,<65,M,WHITE,NOT HISPANIC OR LATINO,USA,PEMBRO,PEMBROLIZUMAB,Pembrolizumab
MK-3475-564,KEYNOTE564-S015-0546,0546,S015,63,YEARS,<65,M,WHITE,NOT HISPANIC OR LATINO,CHN,PEMBRO,PEMBROLIZUMAB,Pembrolizumab
MK-3475-564,KEYNOTE564-S015-0649,0649,S015,46,YEARS,<65,M,WHITE,HISPANIC OR LATINO,JPN,PBO,PLACEBO,Control
MK-3475-564,KEYNOTE564-S015-0725,0725,S015,61,YEARS,<65,F,WHITE,NOT HISPANIC OR LATINO,FRA,PBO,PLACEBO,Control
MK-3475-564,KEYNOTE564-S015-0758,0758,S015,42,YEARS,<65,F,WHITE,NOT HISPANIC OR LATINO,USA,PEMBRO,PEMBROLIZUMAB,Pembrolizumab
MK-3475-564,KEYNOTE564-S015-0770,0770,S015,62,YEARS,<65,F,WHITE,NOT HISPANIC OR LATINO,CHN,PEMBRO,PEMBROLIZUMAB,Pembrolizumab
MK-3475-564,KEYNOTE564-S015-0801,0801,S015,66,YEARS,>=65,M,WHITE,NOT HISPANIC OR LATINO,AUS,PBO,PLACEBO,Control
MK-3475-564,KEYNOTE564-S016-0033,0033,S016,57,YEARS,<65,M,WHITE,NOT HISPANIC OR LATINO,ITA,PEMBRO,PEMBROLIZUMAB,Pembrolizumab
MK-3475-564,KEYNOTE564-S016-0054,0054,S016,73,YEARS,>=65,F,WHITE,NOT HISPANIC OR LATINO,FRA,PBO,PLACEBO,Control
MK-3475-564,KEYNOTE564-S016-0138,0138,S016,50,YEARS,<65,M,WHITE,NOT HISPANIC OR LATINO,ESP,PEMBRO,PEMBROLIZUMAB,Pembrolizumab
MK-3475-564,KEYNOTE564-S016-0200,0200,S016,55,YEARS,<65,F,WHITE,NOT HISPANIC OR LATINO,ITA,PBO,PLACEBO,Control
MK-3475-564,KEYNOTE564-S016-0228,0228,S016,69,YEARS,>=65,M,UNKNOWN,NOT HISPANIC OR LATINO,AUS,PBO,PLACEBO,Control
MK-3475-564,KEYNOTE564-S016-0301,0301,S016,57,YEARS,<65,M,UNKNOWN,HISPANIC OR LATINO,ESP,PBO,PLACEBO,Control
MK-3475-564,KEYNOTE564-S016-0330,0330,S016,56,YEARS,<65,M,WHITE,NOT HISPANIC OR LATINO,DEU,PBO,PLACEBO,Control
MK-3475-564,KEYNOTE564-S016-0374,0374,S016,66,YEARS,>=65,M,UNKNOWN,HISPANIC OR LATINO,USA,PBO,PLACEBO,Control
MK-3475-564,KEYNOTE564-S016-0408,0408,S016,51,YEARS,<65,F,WHITE,NOT HISPANIC OR LATINO,USA,PEMBRO,PEMBROLIZUMAB,Pembrolizumab
MK-3475-564,KEYNOTE564-S016-0439,0439,S016,71,YEARS,>=65,M,WHITE,NOT HISPANIC OR LATINO,CHN,PEMBRO,PEMBROLIZUMAB,Pembrolizumab
MK-3475-564,KEYNOTE564-S016-0470,0470,S016,55,YEARS,<65,F,WHITE,NOT HISPANIC OR LATINO,USA,PEMBRO,PEMBROLIZUMAB,Pembrolizumab
MK-3475-564,KEYNOTE564-S016-0560,0560,S016,56,YEARS,<65,F,ASIAN,NOT HISPANIC OR LATINO,RUS,PEMBRO,PEMBROLIZUMAB,Pembrolizumab
MK-3475-564,KEYNOTE564-S016-0564,0564,S016,62,YEARS,<65,M,WHITE,NOT HISPANIC OR LATINO,JPN,PEMBRO,PEMBROLIZUMAB,Pembrolizumab
MK-3475-564,KEYNOTE564-S016-0567,0567,S016,67,YEARS,>=65,F,ASIAN,NOT HISPANIC OR LATINO,JPN,PEMBRO,PEMBROLIZUMAB,Pembrolizumab
MK-3475-564,KEYNOTE564-S016-0893,0893,S016,59,YEARS,<65,M,WHITE,NOT HISPANIC OR LATINO,USA,PEMBRO,PEMBROLIZUMAB,Pembrolizumab
MK-3475-564,KEYNOTE564-S017-0027,0027,S017,45,YEARS,<65,F,WHITE,NOT HISPANIC OR LATINO,RUS,PEMBRO,PEMBROLIZUMAB,Pembrolizumab
MK-3475-564,KEYNOTE564-S017-0051,0051,S017,54,YEARS,<65,M,WHITE,NOT HISPANIC OR LATINO,CAN,PBO,PLACEBO,Control
MK-3475-564,KEYNOTE564-S017-0082,0082,S017,61,YEARS,<65,M,WHITE,NOT HISPANIC OR LATINO,JPN,PBO,PLACEBO,Control
MK-3475-564,KEYNOTE564-S017-0106,0106,S017,47,YEARS,<65,M,WHITE,HISPANIC OR LATINO,USA,PEMBRO,PEMBROLIZUMAB,Pembrolizumab
MK-3475-564,KEYNOTE564-S017-0114,0114,S017,72,YEARS,>=65,F,WHITE,NOT HISPANIC OR LATINO,FRA,PBO,PLACEBO,Control
MK-3475-564,KEYNOTE564-S017-0182,0182,S017,65,YEARS,>=65,F,WHITE,NOT HISPANIC OR LATINO,CHN,PBO,PLACEBO,Control
MK-3475-564,KEYNOTE564-S017-0235,0235,S017,65,YEARS,>=65,M,WHITE,NOT HISPANIC OR LATINO,CHN,PBO,PLACEBO,Control
MK-3475-564,KEYNOTE564-S017-0272,0272,S017,54,YEARS,<65,M,WHITE,NOT HISPANIC OR LATINO,KOR,PBO,PLACEBO,Control
MK-3475-564,KEYNOTE564-S017-0469,0469,S017,48,YEARS,<65,F,WHITE,NOT HISPANIC OR LATINO,CAN,PEMBRO,PEMBROLIZUMAB,Pembrolizumab
MK-3475-564,KEYNOTE564-S017-0475,0475,S017,69,YEARS,>=65,M,WHITE,NOT HISPANIC OR LATINO,KOR,PEMBRO,PEMBROLIZUMAB,Pembrolizumab
MK-3475-564,KEYNOTE564-S017-0617,0617,S017,57,YEARS,<65,M,WHITE,NOT HISPANIC OR LATINO,ITA,PBO,PLACEBO,Control
MK-3475-564,KEYNOTE564-S017-0665,0665,S017,64,YEARS,<65,M,WHITE,HISPANIC OR LATINO,USA,PEMBRO,PEMBROLIZUMAB,Pembrolizumab
MK-3475-564,KEYNOTE564-S017-0691,0691,S017,52,YEARS,<65,M,WHITE,HISPANIC OR LATINO,ESP,PBO,PLACEBO,Control
MK-3475-564,KEYNOTE564-S017-0700,0700,S017,54,YEARS,<65,F,WHITE,NOT HISPANIC OR LATINO,GBR,PEMBRO,PEMBROLIZUMAB,Pembrolizumab
MK-3475-564,KEYNOTE564-S017-0826,0826,S017,52,YEARS,<65,M,WHITE,NOT HISPANIC OR LATINO,RUS,PEMBRO,PEMBROLIZUMAB,Pembrolizumab
MK-3475-564,KEYNOTE564-S017-0865,0865,S017,30,YEARS,<65,M,WHITE,NOT HISPANIC OR LATINO,DEU,PEMBRO,PEMBROLIZUMAB,Pembrolizumab
MK-3475-564,KEYNOTE564-S017-0891,0891,S017,68,YEARS,>=65,F,ASIAN,NOT HISPANIC OR LATINO,DEU,PEMBRO,PEMBROLIZUMAB,Pembrolizumab
MK-3475-564,KEYNOTE564-S017-0927,0927,S017,59,YEARS,<65,F,UNKNOWN,NOT HISPANIC OR LATINO,CHN,PBO,PLACEBO,Control
MK-3475-564,KEYNOTE564-S017-0962,0962,S017,70,YEARS,>=65,M,WHITE,NOT HISPANIC OR LATINO,USA,PEMBRO,PEMBROLIZUMAB,Pembrolizumab
MK-3475-564,KEYNOTE564-S018-0080,0080,S018,71,YEARS,>=65,M,WHITE,NOT HISPANIC OR LATINO,ESP,PEMBRO,PEMBROLIZUMAB,Pembrolizumab
MK-3475-564,KEYNOTE564-S018-0088,0088,S018,60,YEARS,<65,M,WHITE,NOT HISPANIC OR LATINO,RUS,PBO,PLACEBO,Control
MK-3475-564,KEYNOTE564-S018-0089,0089,S018,62,YEARS,<65,M,WHITE,NOT HISPANIC OR LATINO,RUS,PBO,PLACEBO,Control
MK-3475-564,KEYNOTE564-S018-0134,0134,S018,63,YEARS,<65,M,ASIAN,HISPANIC OR LATINO,CHN,PEMBRO,PEMBROLIZUMAB,Pembrolizumab
MK-3475-564,KEYNOTE564-S018-0135,0135,S018,55,YEARS,<65,F,ASIAN,NOT HISPANIC OR LATINO,USA,PEMBRO,PEMBROLIZUMAB,Pembrolizumab
MK-3475-564,KEYNOTE564-S018-0165,0165,S018,53,YEARS,<65,M,WHITE,NOT HISPANIC OR LATINO,AUS,PBO,PLACEBO,Control
MK-3475-564,KEYNOTE564-S018-0205,0205,S018,59,YEARS,<65,F,WHITE,HISPANIC OR LATINO,CAN,PEMBRO,PEMBROLIZUMAB,Pembrolizumab
MK-3475-564,KEYNOTE564-S018-0233,0233,S018,54,YEARS,<65,M,WHITE,NOT HISPANIC OR LATINO,USA,PEMBRO,PEMBROLIZUMAB,Pembrolizumab
MK-3475-564,KEYNOTE564-S018-0323,0323,S018,57,YEARS,<65,F,UNKNOWN,NOT HISPANIC OR LATINO,USA,PBO,PLACEBO,Control
MK-3475-564,KEYNOTE564-S018-0341,0341,S018,54,YEARS,<65,M,WHITE,NOT HISPANIC OR LATINO,AUS,PEMBRO,PEMBROLIZUMAB,Pembrolizumab
MK-3475-564,KEYNOTE564-S018-0429,0429,S018,71,YEARS,>=65,M,WHITE,NOT HISPANIC OR LATINO,RUS,PEMBRO,PEMBROLIZUMAB,Pembrolizumab
MK-3475-564,KEYNOTE564-S018-0434,0434,S018,73,YEARS,>=65,F,WHITE,NOT HISPANIC OR LATINO,KOR,PEMBRO,PEMBROLIZUMAB,Pembrolizumab
MK-3475-564,KEYNOTE564-S018-0588,0588,S018,57,YEARS,<65,M,WHITE,NOT HISPANIC OR LATINO,USA,PEMBRO,PEMBROLIZUMAB,Pembrolizumab
MK-3475-564,KEYNOTE564-S018-0690,0690,S018,79,YEARS,>=65,M,WHITE,NOT HISPANIC OR LATINO,DEU,PEMBRO,PEMBROLIZUMAB,Pembrolizumab
MK-3475-564,KEYNOTE564-S018-0730,0730,S018,67,YEARS,>=65,M,WHITE,NOT HISPANIC OR LATINO,FRA,PBO,PLACEBO,Control
MK-3475-564,KEYNOTE564-S018-0732,0732,S018,68,YEARS,>=65,F,WHITE,NOT HISPANIC OR LATINO,DEU,PEMBRO,PEMBROLIZUMAB,Pembrolizumab
MK-3475-564,KEYNOTE564-S018-0757,0757,S018,59,YEARS,<65,M,UNKNOWN,NOT HISPANIC OR LATINO,FRA,PEMBRO,PEMBROLIZUMAB,Pembrolizumab
MK-3475-564,KEYNOTE564-S018-0832,0832,S018,55,YEARS,<65,M,WHITE,NOT HISPANIC OR LATINO,GBR,PEMBRO,PEMBROLIZUMAB,Pembrolizumab
MK-3475-564,KEYNOTE564-S018-0862,0862,S018,79,YEARS,>=65,M,WHITE,NOT HISPANIC OR LATINO,JPN,PEMBRO,PEMBROLIZUMAB,Pembrolizumab
MK-3475-564,KEYNOTE564-S018-0920,0920,S018,53,YEARS,<65,M,WHITE,NOT HISPANIC OR LATINO,USA,PEMBRO,PEMBROLIZUMAB,Pembrolizumab
MK-3475-564,KEYNOTE564-S018-0946,0946,S018,68,YEARS,>=65,F,WHITE,NOT HISPANIC OR LATINO,DEU,PEMBRO,PEMBROLIZUMAB,Pembrolizumab
MK-3475-564,KEYNOTE564-S018-0963,0963,S018,70,YEARS,>=65,M,WHITE,NOT HISPANIC OR LATINO,KOR,PBO,PLACEBO,Control
MK-3475-564,KEYNOTE564-S018-0986,0986,S018,46,YEARS,<65,M,WHITE,NOT HISPANIC OR LATINO,USA,PEMBRO,PEMBROLIZUMAB,Pembrolizumab
MK-3475-564,KEYNOTE564-S019-0008,0008,S019,74,YEARS,>=65,M,WHITE,NOT HISPANIC OR LATINO,USA,PEMBRO,PEMBROLIZUMAB,Pembrolizumab
MK-3475-564,KEYNOTE564-S019-0025,0025,S019,55,YEARS,<65,M,WHITE,HISPANIC OR LATINO,USA,PBO,PLACEBO,Control
MK-3475-564,KEYNOTE564-S019-0189,0189,S019,59,YEARS,<65,M,WHITE,NOT HISPANIC OR LATINO,CHN,PEMBRO,PEMBROLIZUMAB,Pembrolizumab
MK-3475-564,KEYNOTE564-S019-0227,0227,S019,59,YEARS,<65,M,ASIAN,HISPANIC OR LATINO,CAN,PEMBRO,PEMBROLIZUMAB,Pembrolizumab
MK-3475-564,KEYNOTE564-S019-0249,0249,S019,55,YEARS,<65,F,WHITE,NOT HISPANIC OR LATINO,ITA,PEMBRO,PEMBROLIZUMAB,Pembrolizumab
MK-3475-564,KEYNOTE564-S019-0277,0277,S019,53,YEARS,<65,M,WHITE,NOT HISPANIC OR LATINO,FRA,PBO,PLACEBO,Control
MK-3475-564,KEYNOTE564-S019-0279,0279,S019,67,YEARS,>=65,F,WHITE,HISPANIC OR LATINO,DEU,PEMBRO,PEMBROLIZUMAB,Pembrolizumab
MK-3475-564,KEYNOTE564-S019-0327,0327,S019,65,YEARS,>=65,M,WHITE,NOT HISPANIC OR LATINO,USA,PBO,PLACEBO,Control
MK-3475-564,KEYNOTE564-S019-0384,0384,S019,63,YEARS,<65,M,WHITE,NOT HISPANIC OR LATINO,AUS,PEMBRO,PEMBROLIZUMAB,Pembrolizumab
MK-3475-564,KEYNOTE564-S019-0415,0415,S019,65,YEARS,>=65,M,WHITE,NOT HISPANIC OR LATINO,CHN,PEMBRO,PEMBROLIZUMAB,Pembrolizumab
MK-3475-564,KEYNOTE564-S019-0582,0582,S019,55,YEARS,<65,F,WHITE,NOT HISPANIC OR LATINO,ITA,PBO,PLACEBO,Control
MK-3475-564,KEYNOTE564-S019-0663,0663,S019,58,YEARS,<65,F,WHITE,NOT HISPANIC OR LATINO,RUS,PBO,PLACEBO,Control
MK-3475-564,KEYNOTE564-S019-0733,0733,S019,38,YEARS,<65,F,WHITE,HISPANIC OR LATINO,CHN,PBO,PLACEBO,Control
MK-3475-564,KEYNOTE564-S019-0776,0776,S019,66,YEARS,>=65,F,UNKNOWN,HISPANIC OR LATINO,RUS,PBO,PLACEBO,Control
MK-3475-564,KEYNOTE564-S019-0794,0794,S019,79,YEARS,>=65,M,UNKNOWN,NOT HISPANIC OR LATINO,AUS,PEMBRO,PEMBROLIZUMAB,Pembrolizumab
MK-3475-564,KEYNOTE564-S019-0808,0808,S019,57,YEARS,<65,M,WHITE,NOT HISPANIC OR LATINO,CHN,PEMBRO,PEMBROLIZUMAB,Pembrolizumab
MK-3475-564,KEYNOTE564-S019-0822,0822,S019,58,YEARS,<65,M,WHITE,HISPANIC OR LATINO,CHN,PEMBRO,PEMBROLIZUMAB,Pembrolizumab
MK-3475-564,KEYNOTE564-S019-0860,0860,S019,54,YEARS,<65,M,WHITE,NOT HISPANIC OR LATINO,CAN,PEMBRO,PEMBROLIZUMAB,Pembrolizumab
MK-3475-564,KEYNOTE564-S019-0941,0941,S019,78,YEARS,>=65,M,WHITE,NOT HISPANIC OR LATINO,CHN,PEMBRO,PEMBROLIZUMAB,Pembrolizumab
MK-3475-564,KEYNOTE564-S020-0064,0064,S020,71,YEARS,>=65,F,WHITE,NOT HISPANIC OR LATINO,CHN,PBO,PLACEBO,Control
MK-3475-564,KEYNOTE564-S020-0098,0098,S020,41,YEARS,<65,F,WHITE,NOT HISPANIC OR LATINO,FRA,PBO,PLACEBO,Control
MK-3475-564,KEYNOTE564-S020-0331,0331,S020,46,YEARS,<65,F,WHITE,NOT HISPANIC OR LATINO,ESP,PEMBRO,PEMBROLIZUMAB,Pembrolizumab
MK-3475-564,KEYNOTE564-S020-0345,0345,S020,52,YEARS,<65,M,WHITE,NOT HISPANIC OR LATINO,CHN,PEMBRO,PEMBROLIZUMAB,Pembrolizumab
MK-3475-564,KEYNOTE564-S020-0382,0382,S020,61,YEARS,<65,F,WHITE,NOT HISPANIC OR LATINO,ITA,PBO,PLACEBO,Control
MK-3475-564,KEYNOTE564-S020-0388,0388,S020,62,YEARS,<65,M,WHITE,NOT HISPANIC OR LATINO,GBR,PEMBRO,PEMBROLIZUMAB,Pembrolizumab
MK-3475-564,KEYNOTE564-S020-0423,0423,S020,68,YEARS,>=65,F,WHITE,NOT HISPANIC OR LATINO,AUS,PEMBRO,PEMBROLIZUMAB,Pembrolizumab
MK-3475-564,KEYNOTE564-S020-0433,0433,S020,76,YEARS,>=65,M,WHITE,NOT HISPANIC OR LATINO,JPN,PEMBRO,PEMBROLIZUMAB,Pembrolizumab
MK-3475-564,KEYNOTE564-S020-0473,0473,S020,66,YEARS,>=65,M,WHITE,HISPANIC OR LATINO,USA,PBO,PLACEBO,Control
MK-3475-564,KEYNOTE564-S020-0495,0495,S020,63,YEARS,<65,F,WHITE,NOT HISPANIC OR LATINO,USA,PEMBRO,PEMBROLIZUMAB,Pembrolizumab
MK-3475-564,KEYNOTE564-S020-0590,0590,S020,47,YEARS,<65,M,WHITE,NOT HISPANIC OR LATINO,USA,PBO,PLACEBO,Control
MK-3475-564,KEYNOTE564-S020-0728,0728,S020,63,YEARS,<65,F,WHITE,NOT HISPANIC OR LATINO,KOR,PBO,PLACEBO,Control
MK-3475-564,KEYNOTE564-S020-0747,0747,S020,45,YEARS,<65,F,WHITE,NOT HISPANIC OR LATINO,DEU,PBO,PLACEBO,Control
MK-3475-564,KEYNOTE564-S020-0837,0837,S020,51,YEARS,<65,M,WHITE,NOT HISPANIC OR LATINO,CAN,PEMBRO,PEMBROLIZUMAB,Pembrolizumab
MK-3475-564,KEYNOTE564-S020-0846,0846,S020,65,YEARS,>=65,M,WHITE,NOT HISPANIC OR LATINO,AUS,PEMBRO,PEMBROLIZUMAB,Pembrolizumab
MK-3475-564,KEYNOTE564-S020-0870,0870,S020,50,YEARS,<65,M,ASIAN,NOT HISPANIC OR LATINO,GBR,PEMBRO,PEMBROLIZUMAB,Pembrolizumab
MK-3475-564,KEYNOTE564-S020-0880,0880,S020,46,YEARS,<65,M,WHITE,NOT HISPANIC OR LATINO,USA,PEMBRO,PEMBROLIZUMAB,Pembrolizumab
MK-3475-564,KEYNOTE564-S020-0919,0919,S020,46,YEARS,<65,F,WHITE,NOT HISPANIC OR LATINO,RUS,PEMBRO,PEMBROLIZUMAB,Pembrolizumab
MK-3475-564,KEYNOTE564-S021-0019,0019,S021,38,YEARS,<65,M,WHITE,NOT HISPANIC OR LATINO,DEU,PEMBRO,PEMBROLIZUMAB,Pembrolizumab
MK-3475-564,KEYNOTE564-S021-0057,0057,S021,69,YEARS,>=65,F,ASIAN,NOT HISPANIC OR LATINO,FRA,PEMBRO,PEMBROLIZUMAB,Pembrolizumab
MK-3475-564,KEYNOTE564-S021-0075,0075,S021,67,YEARS,>=65,M,WHITE,NOT HISPANIC OR LATINO,DEU,PEMBRO,PEMBROLIZUMAB,Pembrolizumab
MK-3475-564,KEYNOTE564-S021-0130,0130,S021,72,YEARS,>=65,M,ASIAN,NOT HISPANIC OR LATINO,USA,PEMBRO,PEMBROLIZUMAB,Pembrolizumab
MK-3475-564,KEYNOTE564-S021-0247,0247,S021,64,YEARS,<65,M,WHITE,NOT HISPANIC OR LATINO,CHN,PEMBRO,PEMBROLIZUMAB,Pembrolizumab
MK-3475-564,KEYNOTE564-S021-0376,0376,S021,73,YEARS,>=65,M,WHITE,HISPANIC OR LATINO,GBR,PBO,PLACEBO,Control
MK-3475-564,KEYNOTE564-S021-0380,0380,S021,48,YEARS,<65,M,WHITE,NOT HISPANIC OR LATINO,ITA,PEMBRO,PEMBROLIZUMAB,Pembrolizumab
MK-3475-564,KEYNOTE564-S021-0385,0385,S021,57,YEARS,<65,M,ASIAN,NOT HISPANIC OR LATINO,USA,PBO,PLACEBO,Control
MK-3475-564,KEYNOTE564-S021-0394,0394,S021,66,YEARS,>=65,M,WHITE,NOT HISPANIC OR LATINO,USA,PBO,PLACEBO,Control
MK-3475-564,KEYNOTE564-S021-0413,0413,S021,61,YEARS,<65,F,WHITE,NOT HISPANIC OR LATINO,JPN,PEMBRO,PEMBROLIZUMAB,Pembrolizumab
MK-3475-564,KEYNOTE564-S021-0427,0427,S021,62,YEARS,<65,F,WHITE,NOT HISPANIC OR LATINO,ITA,PBO,PLACEBO,Control
MK-3475-564,KEYNOTE564-S021-0459,0459,S021,51,YEARS,<65,F,WHITE,NOT HISPANIC OR LATINO,ITA,PBO,PLACEBO,Control
MK-3475-564,KEYNOTE564-S021-0460,0460,S021,50,YEARS,<65,M,ASIAN,NOT HISPANIC OR LATINO,USA,PEMBRO,PEMBROLIZUMAB,Pembrolizumab
MK-3475-564,KEYNOTE564-S021-0534,0534,S021,62,YEARS,<65,M,UNKNOWN,HISPANIC OR LATINO,CAN,PEMBRO,PEMBROLIZUMAB,Pembrolizumab
MK-3475-564,KEYNOTE564-S021-0556,0556,S021,69,YEARS,>=65,M,WHITE,NOT HISPANIC OR LATINO,GBR,PBO,PLACEBO,Control
MK-3475-564,KEYNOTE564-S021-0576,0576,S021,51,YEARS,<65,M,WHITE,NOT HISPANIC OR LATINO,DEU,PEMBRO,PEMBROLIZUMAB,Pembrolizumab
MK-3475-564,KEYNOTE564-S021-0623,0623,S021,65,YEARS,>=65,M,WHITE,NOT HISPANIC OR LATINO,DEU,PBO,PLACEBO,Control
MK-3475-564,KEYNOTE564-S021-0625,0625,S021,66,YEARS,>=65,M,WHITE,NOT HISPANIC OR LATINO,CAN,PEMBRO,PEMBROLIZUMAB,Pembrolizumab
MK-3475-564,KEYNOTE564-S021-0676,0676,S021,50,YEARS,<65,M,WHITE,NOT HISPANIC OR LATINO,AUS,PBO,PLACEBO,Control
MK-3475-564,KEYNOTE564-S021-0678,0678,S021,57,YEARS,<65,F,WHITE,NOT HISPANIC OR LATINO,USA,PBO,PLACEBO,Control
MK-3475-564,KEYNOTE564-S021-0709,0709,S021,56,YEARS,<65,M,WHITE,NOT HISPANIC OR LATINO,AUS,PEMBRO,PEMBROLIZUMAB,Pembrolizumab
MK-3475-564,KEYNOTE564-S021-0786,0786,S021,67,YEARS,>=65,F,WHITE,NOT HISPANIC OR LATINO,FRA,PBO,PLACEBO,Control
MK-3475-564,KEYNOTE564-S021-0813,0813,S021,53,YEARS,<65,F,ASIAN,NOT HISPANIC OR LATINO,USA,PEMBRO,PEMBROLIZUMAB,Pembrolizumab
MK-3475-564,KEYNOTE564-S021-0836,0836,S021,71,YEARS,>=65,M,MULTIPLE,NOT HISPANIC OR LATINO,KOR,PBO,PLACEBO,Control
MK-3475-564,KEYNOTE564-S021-0872,0872,S021,69,YEARS,>=65,M,UNKNOWN,NOT HISPANIC OR LATINO,AUS,PEMBRO,PEMBROLIZUMAB,Pembrolizumab
MK-3475-564,KEYNOTE564-S021-0895,0895,S021,68,YEARS,>=65,F,WHITE,HISPANIC OR LATINO,USA,PBO,PLACEBO,Control
MK-3475-564,KEYNOTE564-S021-0908,0908,S021,56,YEARS,<65,F,ASIAN,HISPANIC OR LATINO,CAN,PBO,PLACEBO,Control
MK-3475-564,KEYNOTE564-S021-0926,0926,S021,66,YEARS,>=65,F,WHITE,NOT HISPANIC OR LATINO,FRA,PEMBRO,PEMBROLIZUMAB,Pembrolizumab
MK-3475-564,KEYNOTE564-S021-0951,0951,S021,82,YEARS,>=65,F,WHITE,NOT HISPANIC OR LATINO,RUS,PBO,PLACEBO,Control
MK-3475-564,KEYNOTE564-S022-0083,0083,S022,47,YEARS,<65,M,WHITE,NOT HISPANIC OR LATINO,DEU,PEMBRO,PEMBROLIZUMAB,Pembrolizumab
MK-3475-564,KEYNOTE564-S022-0159,0159,S022,62,YEARS,<65,M,WHITE,NOT HISPANIC OR LATINO,ITA,PBO,PLACEBO,Control
MK-3475-564,KEYNOTE564-S022-0192,0192,S022,62,YEARS,<65,M,ASIAN,NOT HISPANIC OR LATINO,CHN,PBO,PLACEBO,Control
MK-3475-564,KEYNOTE564-S022-0292,0292,S022,60,YEARS,<65,M,WHITE,NOT HISPANIC OR LATINO,CHN,PBO,PLACEBO,Control
MK-3475-564,KEYNOTE564-S022-0411,0411,S022,68,YEARS,>=65,F,WHITE,NOT HISPANIC OR LATINO,JPN,PBO,PLACEBO,Control
MK-3475-564,KEYNOTE564-S022-0446,0446,S022,57,YEARS,<65,M,WHITE,HISPANIC OR LATINO,ESP,PEMBRO,PEMBROLIZUMAB,Pembrolizumab
MK-3475-564,KEYNOTE564-S022-0452,0452,S022,60,YEARS,<65,M,ASIAN,NOT HISPANIC OR LATINO,ESP,PEMBRO,PEMBROLIZUMAB,Pembrolizumab
MK-3475-564,KEYNOTE564-S022-0480,0480,S022,64,YEARS,<65,M,WHITE,HISPANIC OR LATINO,GBR,PEMBRO,PEMBROLIZUMAB,Pembrolizumab
MK-3475-564,KEYNOTE564-S022-0510,0510,S022,49,YEARS,<65,M,WHITE,NOT HISPANIC OR LATINO,ITA,PBO,PLACEBO,Control
MK-3475-564,KEYNOTE564-S022-0565,0565,S022,57,YEARS,<65,M,WHITE,NOT HISPANIC OR LATINO,USA,PEMBRO,PEMBROLIZUMAB,Pembrolizumab
MK-3475-564,KEYNOTE564-S022-0637,0637,S022,47,YEARS,<65,M,WHITE,HISPANIC OR LATINO,ESP,PBO,PLACEBO,Control
MK-3475-564,KEYNOTE564-S022-0655,0655,S022,56,YEARS,<65,M,WHITE,NOT HISPANIC OR LATINO,AUS,PEMBRO,PEMBROLIZUMAB,Pembrolizumab
MK-3475-564,KEYNOTE564-S022-0705,0705,S022,57,YEARS,<65,M,ASIAN,NOT HISPANIC OR LATINO,RUS,PEMBRO,PEMBROLIZUMAB,Pembrolizumab
MK-3475-564,KEYNOTE564-S022-0788,0788,S022,44,YEARS,<65,M,WHITE,NOT HISPANIC OR LATINO,CAN,PEMBRO,PEMBROLIZUMAB,Pembrolizumab
MK-3475-564,KEYNOTE564-S022-0802,0802,S022,58,YEARS,<65,F,ASIAN,NOT HISPANIC OR LATINO,ESP,PEMBRO,PEMBROLIZUMAB,Pembrolizumab
MK-3475-564,KEYNOTE564-S022-0897,0897,S022,54,YEARS,<65,M,ASIAN,NOT HISPANIC OR LATINO,ITA,PBO,PLACEBO,Control
MK-3475-564,KEYNOTE564-S022-0914,0914,S022,64,YEARS,<65,M,WHITE,NOT HISPANIC OR LATINO,GBR,PEMBRO,PEMBROLIZUMAB,Pembrolizumab
MK-3475-564,KEYNOTE564-S022-0923,0923,S022,61,YEARS,<65,M,UNKNOWN,NOT HISPANIC OR LATINO,FRA,PEMBRO,PEMBROLIZUMAB,Pembrolizumab
MK-3475-564,KEYNOTE564-S022-0943,0943,S022,57,YEARS,<65,M,WHITE,NOT HISPANIC OR LATINO,GBR,PEMBRO,PEMBROLIZUMAB,Pembrolizumab
MK-3475-564,KEYNOTE564-S022-0970,0970,S022,63,YEARS,<65,M,WHITE,NOT HISPANIC OR LATINO,DEU,PEMBRO,PEMBROLIZUMAB,Pembrolizumab
MK-3475-564,KEYNOTE564-S022-0976,0976,S022,47,YEARS,<65,M,WHITE,NOT HISPANIC OR LATINO,JPN,PEMBRO,PEMBROLIZUMAB,Pembrolizumab
MK-3475-564,KEYNOTE564-S022-0977,0977,S022,45,YEARS,<65,F,WHITE,NOT HISPANIC OR LATINO,ITA,PEMBRO,PEMBROLIZUMAB,Pembrolizumab
MK-3475-564,KEYNOTE564-S023-0045,0045,S023,58,YEARS,<65,F,BLACK OR AFRICAN AMERICAN,NOT HISPANIC OR LATINO,FRA,PEMBRO,PEMBROLIZUMAB,Pembrolizumab
MK-3475-564,KEYNOTE564-S023-0118,0118,S023,63,YEARS,<65,M,WHITE,HISPANIC OR LATINO,GBR,PBO,PLACEBO,Control
MK-3475-564,KEYNOTE564-S023-0139,0139,S023,51,YEARS,<65,F,WHITE,NOT HISPANIC OR LATINO,USA,PBO,PLACEBO,Control
MK-3475-564,KEYNOTE564-S023-0145,0145,S023,71,YEARS,>=65,F,WHITE,NOT HISPANIC OR LATINO,CHN,PBO,PLACEBO,Control
MK-3475-564,KEYNOTE564-S023-0197,0197,S023,49,YEARS,<65,F,WHITE,NOT HISPANIC OR LATINO,ITA,PBO,PLACEBO,Control
MK-3475-564,KEYNOTE564-S023-0207,0207,S023,73,YEARS,>=65,F,WHITE,NOT HISPANIC OR LATINO,JPN,PEMBRO,PEMBROLIZUMAB,Pembrolizumab
MK-3475-564,KEYNOTE564-S023-0215,0215,S023,47,YEARS,<65,F,WHITE,NOT HISPANIC OR LATINO,KOR,PEMBRO,PEMBROLIZUMAB,Pembrolizumab
MK-3475-564,KEYNOTE564-S023-0220,0220,S023,54,YEARS,<65,F,WHITE,NOT HISPANIC OR LATINO,USA,PEMBRO,PEMBROLIZUMAB,Pembrolizumab
MK-3475-564,KEYNOTE564-S023-0222,0222,S023,57,YEARS,<65,F,MULTIPLE,NOT HISPANIC OR LATINO,USA,PEMBRO,PEMBROLIZUMAB,Pembrolizumab
MK-3475-564,KEYNOTE564-S023-0248,0248,S023,55,YEARS,<65,M,AMERICAN INDIAN OR ALASKA NATIVE,NOT HISPANIC OR LATINO,DEU,PBO,PLACEBO,Control
MK-3475-564,KEYNOTE564-S023-0268,0268,S023,69,YEARS,>=65,F,WHITE,NOT HISPANIC OR LATINO,KOR,PEMBRO,PEMBROLIZUMAB,Pembrolizumab
MK-3475-564,KEYNOTE564-S023-0276,0276,S023,58,YEARS,<65,F,WHITE,HISPANIC OR LATINO,USA,PEMBRO,PEMBROLIZUMAB,Pembrolizumab
MK-3475-564,KEYNOTE564-S023-0285,0285,S023,57,YEARS,<65,F,ASIAN,NOT HISPANIC OR LATINO,AUS,PBO,PLACEBO,Control
MK-3475-564,KEYNOTE564-S023-0412,0412,S023,68,YEARS,>=65,M,WHITE,NOT HISPANIC OR LATINO,RUS,PEMBRO,PEMBROLIZUMAB,Pembrolizumab
MK-3475-564,KEYNOTE564-S023-0479,0479,S023,55,YEARS,<65,M,WHITE,NOT HISPANIC OR LATINO,AUS,PEMBRO,PEMBROLIZUMAB,Pembrolizumab
MK-3475-564,KEYNOTE564-S023-0491,0491,S023,44,YEARS,<65,M,WHITE,NOT HISPANIC OR LATINO,USA,PEMBRO,PEMBROLIZUMAB,Pembrolizumab
MK-3475-564,KEYNOTE564-S023-0574,0574,S023,79,YEARS,>=65,F,BLACK OR AFRICAN AMERICAN,NOT HISPANIC OR LATINO,USA,PBO,PLACEBO,Control
MK-3475-564,KEYNOTE564-S023-0654,0654,S023,63,YEARS,<65,M,WHITE,HISPANIC OR LATINO,ITA,PBO,PLACEBO,Control
MK-3475-564,KEYNOTE564-S023-0679,0679,S023,61,YEARS,<65,F,UNKNOWN,NOT HISPANIC OR LATINO,USA,PEMBRO,PEMBROLIZUMAB,Pembrolizumab
MK-3475-564,KEYNOTE564-S023-0687,0687,S023,57,YEARS,<65,F,ASIAN,NOT HISPANIC OR LATINO,USA,PBO,PLACEBO,Control
MK-3475-564,KEYNOTE564-S023-0702,0702,S023,49,YEARS,<65,M,WHITE,NOT HISPANIC OR LATINO,ITA,PBO,PLACEBO,Control
MK-3475-564,KEYNOTE564-S023-0723,0723,S023,59,YEARS,<65,M,MULTIPLE,HISPANIC OR LATINO,ESP,PEMBRO,PEMBROLIZUMAB,Pembrolizumab
MK-3475-564,KEYNOTE564-S023-0764,0764,S023,64,YEARS,<65,M,WHITE,HISPANIC OR LATINO,CHN,PBO,PLACEBO,Control
MK-3475-564,KEYNOTE564-S023-0795,0795,S023,58,YEARS,<65,M,WHITE,NOT HISPANIC OR LATINO,DEU,PEMBRO,PEMBROLIZUMAB,Pembrolizumab
MK-3475-564,KEYNOTE564-S023-0874,0874,S023,52,YEARS,<65,M,WHITE,NOT HISPANIC OR LATINO,ITA,PEMBRO,PEMBROLIZUMAB,Pembrolizumab
MK-3475-564,KEYNOTE564-S023-0992,0992,S023,77,YEARS,>=65,M,WHITE,NOT HISPANIC OR LATINO,ITA,PBO,PLACEBO,Control
MK-3475-564,KEYNOTE564-S024-0002,0002,S024,53,YEARS,<65,M,ASIAN,NOT HISPANIC OR LATINO,AUS,PEMBRO,PEMBROLIZUMAB,Pembrolizumab
MK-3475-564,KEYNOTE564-S024-0041,0041,S024,53,YEARS,<65,M,WHITE,NOT HISPANIC OR LATINO,ESP,PEMBRO,PEMBROLIZUMAB,Pembrolizumab
MK-3475-564,KEYNOTE564-S024-0141,0141,S024,53,YEARS,<65,M,WHITE,NOT HISPANIC OR LATINO,DEU,PEMBRO,PEMBROLIZUMAB,Pembrolizumab
MK-3475-564,KEYNOTE564-S024-0156,0156,S024,65,YEARS,>=65,M,WHITE,NOT HISPANIC OR LATINO,JPN,PBO,PLACEBO,Control
MK-3475-564,KEYNOTE564-S024-0162,0162,S024,71,YEARS,>=65,F,WHITE,NOT HISPANIC OR LATINO,ITA,PBO,PLACEBO,Control
MK-3475-564,KEYNOTE564-S024-0188,0188,S024,57,YEARS,<65,F,WHITE,NOT HISPANIC OR LATINO,FRA,PBO,PLACEBO,Control
MK-3475-564,KEYNOTE564-S024-0300,0300,S024,42,YEARS,<65,M,WHITE,NOT HISPANIC OR LATINO,KOR,PBO,PLACEBO,Control
MK-3475-564,KEYNOTE564-S024-0373,0373,S024,62,YEARS,<65,M,WHITE,NOT HISPANIC OR LATINO,USA,PEMBRO,PEMBROLIZUMAB,Pembrolizumab
MK-3475-564,KEYNOTE564-S024-0390,0390,S024,61,YEARS,<65,M,WHITE,NOT HISPANIC OR LATINO,USA,PEMBRO,PEMBROLIZUMAB,Pembrolizumab
MK-3475-564,KEYNOTE564-S024-0407,0407,S024,52,YEARS,<65,M,UNKNOWN,NOT HISPANIC OR LATINO,GBR,PBO,PLACEBO,Control
MK-3475-564,KEYNOTE564-S024-0451,0451,S024,66,YEARS,>=65,M,WHITE,HISPANIC OR LATINO,KOR,PEMBRO,PEMBROLIZUMAB,Pembrolizumab
MK-3475-564,KEYNOTE564-S024-0490,0490,S024,57,YEARS,<65,F,UNKNOWN,NOT HISPANIC OR LATINO,ITA,PBO,PLACEBO,Control
MK-3475-564,KEYNOTE564-S024-0537,0537,S024,60,YEARS,<65,M,WHITE,HISPANIC OR LATINO,USA,PEMBRO,PEMBROLIZUMAB,Pembrolizumab
MK-3475-564,KEYNOTE564-S024-0547,0547,S024,75,YEARS,>=65,F,WHITE,NOT HISPANIC OR LATINO,ITA,PBO,PLACEBO,Control
MK-3475-564,KEYNOTE564-S024-0583,0583,S024,57,YEARS,<65,F,BLACK OR AFRICAN AMERICAN,NOT HISPANIC OR LATINO,KOR,PBO,PLACEBO,Control
MK-3475-564,KEYNOTE564-S024-0584,0584,S024,55,YEARS,<65,M,UNKNOWN,NOT HISPANIC OR LATINO,DEU,PBO,PLACEBO,Control
MK-3475-564,KEYNOTE564-S024-0618,0618,S024,44,YEARS,<65,M,WHITE,HISPANIC OR LATINO,USA,PEMBRO,PEMBROLIZUMAB,Pembrolizumab
MK-3475-564,KEYNOTE564-S024-0634,0634,S024,60,YEARS,<65,M,ASIAN,NOT HISPANIC OR LATINO,USA,PBO,PLACEBO,Control
MK-3475-564,KEYNOTE564-S024-0651,0651,S024,58,YEARS,<65,F,WHITE,HISPANIC OR LATINO,CHN,PBO,PLACEBO,Control
MK-3475-564,KEYNOTE564-S024-0670,0670,S024,67,YEARS,>=65,M,WHITE,NOT HISPANIC OR LATINO,CAN,PBO,PLACEBO,Control
MK-3475-564,KEYNOTE564-S024-0693,0693,S024,54,YEARS,<65,M,WHITE,HISPANIC OR LATINO,KOR,PBO,PLACEBO,Control
MK-3475-564,KEYNOTE564-S024-0711,0711,S024,32,YEARS,<65,F,UNKNOWN,NOT HISPANIC OR LATINO,ESP,PEMBRO,PEMBROLIZUMAB,Pembrolizumab
MK-3475-564,KEYNOTE564-S024-0858,0858,S024,60,YEARS,<65,M,AMERICAN INDIAN OR ALASKA NATIVE,NOT HISPANIC OR LATINO,ITA,PBO,PLACEBO,Control
MK-3475-564,KEYNOTE564-S024-0898,0898,S024,61,YEARS,<65,F,ASIAN,NOT HISPANIC OR LATINO,ITA,PBO,PLACEBO,Control
MK-3475-564,KEYNOTE564-S024-0909,0909,S024,60,YEARS,<65,M,WHITE,NOT HISPANIC OR LATINO,USA,PBO,PLACEBO,Control
MK-3475-564,KEYNOTE564-S024-0910,0910,S024,63,YEARS,<65,M,WHITE,NOT HISPANIC OR LATINO,RUS,PBO,PLACEBO,Control
MK-3475-564,KEYNOTE564-S024-0934,0934,S024,64,YEARS,<65,M,WHITE,NOT HISPANIC OR LATINO,AUS,PEMBRO,PEMBROLIZUMAB,Pembrolizumab
MK-3475-564,KEYNOTE564-S025-0052,0052,S025,60,YEARS,<65,F,WHITE,NOT HISPANIC OR LATINO,CAN,PBO,PLACEBO,Control
MK-3475-564,KEYNOTE564-S025-0085,0085,S025,56,YEARS,<65,M,WHITE,NOT HISPANIC OR LATINO,USA,PEMBRO,PEMBROLIZUMAB,Pembrolizumab
MK-3475-564,KEYNOTE564-S025-0121,0121,S025,48,YEARS,<65,M,WHITE,NOT HISPANIC OR LATINO,FRA,PBO,PLACEBO,Control
MK-3475-564,KEYNOTE564-S025-0157,0157,S025,49,YEARS,<65,M,WHITE,NOT HISPANIC OR LATINO,ESP,PEMBRO,PEMBROLIZUMAB,Pembrolizumab
MK-3475-564,KEYNOTE564-S025-0171,0171,S025,71,YEARS,>=65,F,WHITE,NOT HISPANIC OR LATINO,DEU,PBO,PLACEBO,Control
MK-3475-564,KEYNOTE564-S025-0176,0176,S025,56,YEARS,<65,M,WHITE,NOT HISPANIC OR LATINO,USA,PBO,PLACEBO,Control
MK-3475-564,KEYNOTE564-S025-0191,0191,S025,65,YEARS,>=65,M,WHITE,HISPANIC OR LATINO,RUS,PBO,PLACEBO,Control
MK-3475-564,KEYNOTE564-S025-0206,0206,S025,61,YEARS,<65,M,UNKNOWN,HISPANIC OR LATINO,USA,PEMBRO,PEMBROLIZUMAB,Pembrolizumab
MK-3475-564,KEYNOTE564-S025-0232,0232,S025,71,YEARS,>=65,M,WHITE,NOT HISPANIC OR LATINO,KOR,PBO,PLACEBO,Control
MK-3475-564,KEYNOTE564-S025-0256,0256,S025,71,YEARS,>=65,M,WHITE,NOT HISPANIC OR LATINO,ITA,PBO,PLACEBO,Control
MK-3475-564,KEYNOTE564-S025-0288,0288,S025,55,YEARS,<65,F,WHITE,NOT HISPANIC OR LATINO,USA,PEMBRO,PEMBROLIZUMAB,Pembrolizumab
MK-3475-564,KEYNOTE564-S025-0290,0290,S025,73,YEARS,>=65,F,MULTIPLE,NOT HISPANIC OR LATINO,ITA,PEMBRO,PEMBROLIZUMAB,Pembrolizumab
MK-3475-564,KEYNOTE564-S025-0305,0305,S025,56,YEARS,<65,M,WHITE,NOT HISPANIC OR LATINO,CHN,PBO,PLACEBO,Control
MK-3475-564,KEYNOTE564-S025-0353,0353,S025,66,YEARS,>=65,F,ASIAN,NOT HISPANIC OR LATINO,ITA,PBO,PLACEBO,Control
MK-3475-564,KEYNOTE564-S025-0361,0361,S025,48,YEARS,<65,M,WHITE,NOT HISPANIC OR LATINO,AUS,PBO,PLACEBO,Control
MK-3475-564,KEYNOTE564-S025-0435,0435,S025,61,YEARS,<65,M,WHITE,NOT HISPANIC OR LATINO,ITA,PEMBRO,PEMBROLIZUMAB,Pembrolizumab
MK-3475-564,KEYNOTE564-S025-0503,0503,S025,58,YEARS,<65,M,WHITE,NOT HISPANIC OR LATINO,AUS,PEMBRO,PEMBROLIZUMAB,Pembrolizumab
MK-3475-564,KEYNOTE564-S025-0535,0535,S025,57,YEARS,<65,F,UNKNOWN,NOT HISPANIC OR LATINO,FRA,PEMBRO,PEMBROLIZUMAB,Pembrolizumab
MK-3475-564,KEYNOTE564-S025-0580,0580,S025,61,YEARS,<65,M,WHITE,HISPANIC OR LATINO,KOR,PBO,PLACEBO,Control
MK-3475-564,KEYNOTE564-S025-0595,0595,S025,66,YEARS,>=65,M,WHITE,NOT HISPANIC OR LATINO,JPN,PEMBRO,PEMBROLIZUMAB,Pembrolizumab
MK-3475-564,KEYNOTE564-S025-0610,0610,S025,64,YEARS,<65,M,WHITE,NOT HISPANIC OR LATINO,JPN,PEMBRO,PEMBROLIZUMAB,Pembrolizumab
MK-3475-564,KEYNOTE564-S025-0624,0624,S025,51,YEARS,<65,M,ASIAN,NOT HISPANIC OR LATINO,USA,PBO,PLACEBO,Control
MK-3475-564,KEYNOTE564-S025-0643,0643,S025,44,YEARS,<65,F,WHITE,NOT HISPANIC OR LATINO,ESP,PEMBRO,PEMBROLIZUMAB,Pembrolizumab
MK-3475-564,KEYNOTE564-S025-0735,0735,S025,53,YEARS,<65,F,WHITE,NOT HISPANIC OR LATINO,RUS,PEMBRO,PEMBROLIZUMAB,Pembrolizumab
MK-3475-564,KEYNOTE564-S025-0761,0761,S025,51,YEARS,<65,M,WHITE,NOT HISPANIC OR LATINO,CHN,PEMBRO,PEMBROLIZUMAB,Pembrolizumab
MK-3475-564,KEYNOTE564-S025-0833,0833,S025,50,YEARS,<65,M,WHITE,NOT HISPANIC OR LATINO,USA,PBO,PLACEBO,Control
MK-3475-564,KEYNOTE564-S025-0852,0852,S025,60,YEARS,<65,M,WHITE,NOT HISPANIC OR LATINO,USA,PBO,PLACEBO,Control
MK-3475-564,KEYNOTE564-S025-0945,0945,S025,63,YEARS,<65,F,WHITE,NOT HISPANIC OR LATINO,GBR,PEMBRO,PEMBROLIZUMAB,Pembrolizumab
MK-3475-564,KEYNOTE564-S025-0966,0966,S025,50,YEARS,<65,M,UNKNOWN,NOT HISPANIC OR LATINO,ESP,PEMBRO,PEMBROLIZUMAB,Pembrolizumab
MK-3475-564,KEYNOTE564-S026-0005,0005,S026,55,YEARS,<65,M,WHITE,NOT HISPANIC OR LATINO,DEU,PBO,PLACEBO,Control
MK-3475-564,KEYNOTE564-S026-0029,0029,S026,55,YEARS,<65,M,WHITE,HISPANIC OR LATINO,FRA,PBO,PLACEBO,Control
MK-3475-564,KEYNOTE564-S026-0042,0042,S026,61,YEARS,<65,F,WHITE,NOT HISPANIC OR LATINO,DEU,PEMBRO,PEMBROLIZUMAB,Pembrolizumab
MK-3475-564,KEYNOTE564-S026-0091,0091,S026,65,YEARS,>=65,M,WHITE,NOT HISPANIC OR LATINO,AUS,PBO,PLACEBO,Control
MK-3475-564,KEYNOTE564-S026-0092,0092,S026,62,YEARS,<65,M,WHITE,NOT HISPANIC OR LATINO,USA,PEMBRO,PEMBROLIZUMAB,Pembrolizumab
MK-3475-564,KEYNOTE564-S026-0125,0125,S026,49,YEARS,<65,M,ASIAN,HISPANIC OR LATINO,DEU,PEMBRO,PEMBROLIZUMAB,Pembrolizumab
MK-3475-564,KEYNOTE564-S026-0155,0155,S026,54,YEARS,<65,M,WHITE,NOT HISPANIC OR LATINO,KOR,PEMBRO,PEMBROLIZUMAB,Pembrolizumab
MK-3475-564,KEYNOTE564-S026-0212,0212,S026,71,YEARS,>=65,M,WHITE,NOT HISPANIC OR LATINO,USA,PBO,PLACEBO,Control
MK-3475-564,KEYNOTE564-S026-0219,0219,S026,59,YEARS,<65,M,WHITE,NOT HISPANIC OR LATINO,USA,PBO,PLACEBO,Control
MK-3475-564,KEYNOTE564-S026-0226,0226,S026,59,YEARS,<65,M,UNKNOWN,HISPANIC OR LATINO,USA,PBO,PLACEBO,Control
MK-3475-564,KEYNOTE564-S026-0325,0325,S026,53,YEARS,<65,F,WHITE,NOT HISPANIC OR LATINO,GBR,PEMBRO,PEMBROLIZUMAB,Pembrolizumab
MK-3475-564,KEYNOTE564-S026-0343,0343,S026,58,YEARS,<65,F,WHITE,NOT HISPANIC OR LATINO,ESP,PEMBRO,PEMBROLIZUMAB,Pembrolizumab
MK-3475-564,KEYNOTE564-S026-0363,0363,S026,68,YEARS,>=65,F,WHITE,NOT HISPANIC OR LATINO,CAN,PBO,PLACEBO,Control
MK-3475-564,KEYNOTE564-S026-0370,0370,S026,45,YEARS,<65,M,WHITE,NOT HISPANIC OR LATINO,USA,PEMBRO,PEMBROLIZUMAB,Pembrolizumab
MK-3475-564,KEYNOTE564-S026-0431,0431,S026,53,YEARS,<65,F,WHITE,NOT HISPANIC OR LATINO,AUS,PBO,PLACEBO,Control
MK-3475-564,KEYNOTE564-S026-0466,0466,S026,69,YEARS,>=65,M,WHITE,HISPANIC OR LATINO,USA,PBO,PLACEBO,Control
MK-3475-564,KEYNOTE564-S026-0472,0472,S026,66,YEARS,>=65,M,WHITE,NOT HISPANIC OR LATINO,JPN,PEMBRO,PEMBROLIZUMAB,Pembrolizumab
MK-3475-564,KEYNOTE564-S026-0477,0477,S026,59,YEARS,<65,F,ASIAN,NOT HISPANIC OR LATINO,ESP,PEMBRO,PEMBROLIZUMAB,Pembrolizumab
MK-3475-564,KEYNOTE564-S026-0488,0488,S026,49,YEARS,<65,M,UNKNOWN,NOT HISPANIC OR LATINO,FRA,PBO,PLACEBO,Control
MK-3475-564,KEYNOTE564-S026-0497,0497,S026,67,YEARS,>=65,M,UNKNOWN,NOT HISPANIC OR LATINO,ITA,PBO,PLACEBO,Control
MK-3475-564,KEYNOTE564-S026-0512,0512,S026,55,YEARS,<65,M,WHITE,NOT HISPANIC OR LATINO,USA,PEMBRO,PEMBROLIZUMAB,Pembrolizumab
MK-3475-564,KEYNOTE564-S026-0524,0524,S026,55,YEARS,<65,F,WHITE,NOT HISPANIC OR LATINO,USA,PBO,PLACEBO,Control
MK-3475-564,KEYNOTE564-S026-0598,0598,S026,46,YEARS,<65,M,WHITE,HISPANIC OR LATINO,CAN,PBO,PLACEBO,Control
MK-3475-564,KEYNOTE564-S026-0631,0631,S026,53,YEARS,<65,M,WHITE,NOT HISPANIC OR LATINO,ESP,PEMBRO,PEMBROLIZUMAB,Pembrolizumab
MK-3475-564,KEYNOTE564-S026-0648,0648,S026,84,YEARS,>=65,M,WHITE,NOT HISPANIC OR LATINO,AUS,PEMBRO,PEMBROLIZUMAB,Pembrolizumab
MK-3475-564,KEYNOTE564-S026-0658,0658,S026,58,YEARS,<65,F,WHITE,NOT HISPANIC OR LATINO,CAN,PEMBRO,PEMBROLIZUMAB,Pembrolizumab
MK-3475-564,KEYNOTE564-S026-0686,0686,S026,57,YEARS,<65,M,WHITE,NOT HISPANIC OR LATINO,USA,PBO,PLACEBO,Control
MK-3475-564,KEYNOTE564-S026-0745,0745,S026,60,YEARS,<65,M,WHITE,HISPANIC OR LATINO,KOR,PBO,PLACEBO,Control
MK-3475-564,KEYNOTE564-S026-0811,0811,S026,67,YEARS,>=65,F,ASIAN,NOT HISPANIC OR LATINO,USA,PEMBRO,PEMBROLIZUMAB,Pembrolizumab
MK-3475-564,KEYNOTE564-S026-0904,0904,S026,49,YEARS,<65,M,UNKNOWN,NOT HISPANIC OR LATINO,ITA,PEMBRO,PEMBROLIZUMAB,Pembrolizumab
MK-3475-564,KEYNOTE564-S026-0947,0947,S026,40,YEARS,<65,M,WHITE,NOT HISPANIC OR LATINO,KOR,PEMBRO,PEMBROLIZUMAB,Pembrolizumab
MK-3475-564,KEYNOTE564-S026-0965,0965,S026,50,YEARS,<65,F,WHITE,NOT HISPANIC OR LATINO,KOR,PEMBRO,PEMBROLIZUMAB,Pembrolizumab
MK-3475-564,KEYNOTE564-S026-0990,0990,S026,58,YEARS,<65,M,WHITE,NOT HISPANIC OR LATINO,CHN,PEMBRO,PEMBROLIZUMAB,Pembrolizumab
MK-3475-564,KEYNOTE564-S027-0014,0014,S027,68,YEARS,>=65,M,WHITE,NOT HISPANIC OR LATINO,CHN,PBO,PLACEBO,Control
MK-3475-564,KEYNOTE564-S027-0048,0048,S027,56,YEARS,<65,M,WHITE,NOT HISPANIC OR LATINO,USA,PEMBRO,PEMBROLIZUMAB,Pembrolizumab
MK-3475-564,KEYNOTE564-S027-0050,0050,S027,55,YEARS,<65,F,WHITE,NOT HISPANIC OR LATINO,GBR,PBO,PLACEBO,Control
MK-3475-564,KEYNOTE564-S027-0111,0111,S027,41,YEARS,<65,M,WHITE,NOT HISPANIC OR LATINO,KOR,PBO,PLACEBO,Control
MK-3475-564,KEYNOTE564-S027-0218,0218,S027,59,YEARS,<65,M,AMERICAN INDIAN OR ALASKA NATIVE,NOT HISPANIC OR LATINO,ITA,PEMBRO,PEMBROLIZUMAB,Pembrolizumab
MK-3475-564,KEYNOTE564-S027-0230,0230,S027,65,YEARS,>=65,M,WHITE,NOT HISPANIC OR LATINO,GBR,PEMBRO,PEMBROLIZUMAB,Pembrolizumab
MK-3475-564,KEYNOTE564-S027-0242,0242,S027,61,YEARS,<65,M,WHITE,NOT HISPANIC OR LATINO,USA,PBO,PLACEBO,Control
MK-3475-564,KEYNOTE564-S027-0275,0275,S027,49,YEARS,<65,F,WHITE,NOT HISPANIC OR LATINO,CHN,PEMBRO,PEMBROLIZUMAB,Pembrolizumab
MK-3475-564,KEYNOTE564-S027-0342,0342,S027,56,YEARS,<65,F,WHITE,NOT HISPANIC OR LATINO,USA,PBO,PLACEBO,Control
MK-3475-564,KEYNOTE564-S027-0386,0386,S027,52,YEARS,<65,F,WHITE,NOT HISPANIC OR LATINO,USA,PEMBRO,PEMBROLIZUMAB,Pembrolizumab
MK-3475-564,KEYNOTE564-S027-0393,0393,S027,59,YEARS,<65,M,WHITE,NOT HISPANIC OR LATINO,CHN,PEMBRO,PEMBROLIZUMAB,Pembrolizumab
MK-3475-564,KEYNOTE564-S027-0487,0487,S027,60,YEARS,<65,F,WHITE,NOT HISPANIC OR LATINO,AUS,PEMBRO,PEMBROLIZUMAB,Pembrolizumab
MK-3475-564,KEYNOTE564-S027-0597,0597,S027,67,YEARS,>=65,F,WHITE,NOT HISPANIC OR LATINO,ESP,PEMBRO,PEMBROLIZUMAB,Pembrolizumab
MK-3475-564,KEYNOTE564-S027-0600,0600,S027,64,YEARS,<65,M,WHITE,NOT HISPANIC OR LATINO,RUS,PBO,PLACEBO,Control
MK-3475-564,KEYNOTE564-S027-0632,0632,S027,66,YEARS,>=65,M,WHITE,NOT HISPANIC OR LATINO,FRA,PBO,PLACEBO,Control
MK-3475-564,KEYNOTE564-S027-0696,0696,S027,64,YEARS,<65,M,WHITE,NOT HISPANIC OR LATINO,GBR,PEMBRO,PEMBROLIZUMAB,Pembrolizumab
MK-3475-564,KEYNOTE564-S027-0731,0731,S027,62,YEARS,<65,M,WHITE,NOT HISPANIC OR LATINO,USA,PEMBRO,PEMBROLIZUMAB,Pembrolizumab
MK-3475-564,KEYNOTE564-S027-0765,0765,S027,59,YEARS,<65,M,ASIAN,NOT HISPANIC OR LATINO,KOR,PEMBRO,PEMBROLIZUMAB,Pembrolizumab
MK-3475-564,KEYNOTE564-S027-0773,0773,S027,47,YEARS,<65,F,WHITE,NOT HISPANIC OR LATINO,GBR,PEMBRO,PEMBROLIZUMAB,Pembrolizumab
MK-3475-564,KEYNOTE564-S027-0796,0796,S027,56,YEARS,<65,F,WHITE,NOT HISPANIC OR LATINO,GBR,PEMBRO,PEMBROLIZUMAB,Pembrolizumab
MK-3475-564,KEYNOTE564-S027-0805,0805,S027,52,YEARS,<65,M,WHITE,NOT HISPANIC OR LATINO,ITA,PEMBRO,PEMBROLIZUMAB,Pembrolizumab
MK-3475-564,KEYNOTE564-S027-0868,0868,S027,60,YEARS,<65,M,MULTIPLE,HISPANIC OR LATINO,ITA,PBO,PLACEBO,Control
MK-3475-564,KEYNOTE564-S027-0900,0900,S027,61,YEARS,<65,M,WHITE,NOT HISPANIC OR LATINO,USA,PEMBRO,PEMBROLIZUMAB,Pembrolizumab
MK-3475-564,KEYNOTE564-S027-0987,0987,S027,68,YEARS,>=65,F,WHITE,NOT HISPANIC OR LATINO,RUS,PEMBRO,PEMBROLIZUMAB,Pembrolizumab
MK-3475-564,KEYNOTE564-S028-0058,0058,S028,60,YEARS,<65,M,WHITE,NOT HISPANIC OR LATINO,ITA,PBO,PLACEBO,Control
MK-3475-564,KEYNOTE564-S028-0068,0068,S028,53,YEARS,<65,M,WHITE,NOT HISPANIC OR LATINO,DEU,PBO,PLACEBO,Control
MK-3475-564,KEYNOTE564-S028-0076,0076,S028,54,YEARS,<65,M,WHITE,NOT HISPANIC OR LATINO,DEU,PEMBRO,PEMBROLIZUMAB,Pembrolizumab
MK-3475-564,KEYNOTE564-S028-0102,0102,S028,62,YEARS,<65,M,WHITE,NOT HISPANIC OR LATINO,USA,PBO,PLACEBO,Control
MK-3475-564,KEYNOTE564-S028-0124,0124,S028,60,YEARS,<65,M,WHITE,NOT HISPANIC OR LATINO,KOR,PEMBRO,PEMBROLIZUMAB,Pembrolizumab
MK-3475-564,KEYNOTE564-S028-0254,0254,S028,62,YEARS,<65,M,WHITE,NOT HISPANIC OR LATINO,ESP,PEMBRO,PEMBROLIZUMAB,Pembrolizumab
MK-3475-564,KEYNOTE564-S028-0255,0255,S028,65,YEARS,>=65,M,ASIAN,NOT HISPANIC OR LATINO,CHN,PEMBRO,PEMBROLIZUMAB,Pembrolizumab
MK-3475-564,KEYNOTE564-S028-0267,0267,S028,48,YEARS,<65,M,WHITE,NOT HISPANIC OR LATINO,ITA,PEMBRO,PEMBROLIZUMAB,Pembrolizumab
MK-3475-564,KEYNOTE564-S028-0282,0282,S028,67,YEARS,>=65,M,BLACK OR AFRICAN AMERICAN,NOT HISPANIC OR LATINO,CHN,PBO,PLACEBO,Control
MK-3475-564,KEYNOTE564-S028-0298,0298,S028,71,YEARS,>=65,M,WHITE,NOT HISPANIC OR LATINO,ITA,PEMBRO,PEMBROLIZUMAB,Pembrolizumab
MK-3475-564,KEYNOTE564-S028-0368,0368,S028,66,YEARS,>=65,M,WHITE,NOT HISPANIC OR LATINO,JPN,PBO,PLACEBO,Control
MK-3475-564,KEYNOTE564-S028-0395,0395,S028,56,YEARS,<65,M,WHITE,NOT HISPANIC OR LATINO,GBR,PEMBRO,PEMBROLIZUMAB,Pembrolizumab
MK-3475-564,KEYNOTE564-S028-0465,0465,S028,55,YEARS,<65,F,UNKNOWN,NOT HISPANIC OR LATINO,USA,PBO,PLACEBO,Control
MK-3475-564,KEYNOTE564-S028-0499,0499,S028,52,YEARS,<65,M,MULTIPLE,NOT HISPANIC OR LATINO,USA,PEMBRO,PEMBROLIZUMAB,Pembrolizumab
MK-3475-564,KEYNOTE564-S028-0579,0579,S028,55,YEARS,<65,F,WHITE,NOT HISPANIC OR LATINO,DEU,PBO,PLACEBO,Control
MK-3475-564,KEYNOTE564-S028-0611,0611,S028,49,YEARS,<65,M,WHITE,NOT HISPANIC OR LATINO,USA,PEMBRO,PEMBROLIZUMAB,Pembrolizumab
MK-3475-564,KEYNOTE564-S028-0650,0650,S028,63,YEARS,<65,M,WHITE,NOT HISPANIC OR LATINO,USA,PEMBRO,PEMBROLIZUMAB,Pembrolizumab
MK-3475-564,KEYNOTE564-S028-0660,0660,S028,67,YEARS,>=65,M,WHITE,NOT HISPANIC OR LATINO,AUS,PBO,PLACEBO,Control
MK-3475-564,KEYNOTE564-S028-0727,0727,S028,51,YEARS,<65,M,WHITE,NOT HISPANIC OR LATINO,KOR,PEMBRO,PEMBROLIZUMAB,Pembrolizumab
MK-3475-564,KEYNOTE564-S028-0755,0755,S028,71,YEARS,>=65,M,WHITE,NOT HISPANIC OR LATINO,CHN,PBO,PLACEBO,Control
MK-3475-564,KEYNOTE564-S028-0759,0759,S028,53,YEARS,<65,M,WHITE,HISPANIC OR LATINO,FRA,PBO,PLACEBO,Control
MK-3475-564,KEYNOTE564-S028-0781,0781,S028,41,YEARS,<65,M,WHITE,HISPANIC OR LATINO,KOR,PBO,PLACEBO,Control
MK-3475-564,KEYNOTE564-S028-0799,0799,S028,55,YEARS,<65,M,ASIAN,NOT HISPANIC OR LATINO,USA,PBO,PLACEBO,Control
MK-3475-564,KEYNOTE564-S028-0817,0817,S028,63,YEARS,<65,F,WHITE,NOT HISPANIC OR LATINO,KOR,PBO,PLACEBO,Control
MK-3475-564,KEYNOTE564-S028-0840,0840,S028,67,YEARS,>=65,F,WHITE,NOT HISPANIC OR LATINO,RUS,PBO,PLACEBO,Control
MK-3475-564,KEYNOTE564-S028-0853,0853,S028,66,YEARS,>=65,M,WHITE,NOT HISPANIC OR LATINO,JPN,PEMBRO,PEMBROLIZUMAB,Pembrolizumab
MK-3475-564,KEYNOTE564-S028-0960,0960,S028,51,YEARS,<65,M,WHITE,HISPANIC OR LATINO,USA,PBO,PLACEBO,Control
MK-3475-564,KEYNOTE564-S028-0975,0975,S028,54,YEARS,<65,F,MULTIPLE,NOT HISPANIC OR LATINO,USA,PEMBRO,PEMBROLIZUMAB,Pembrolizumab
MK-3475-564,KEYNOTE564-S029-0062,0062,S029,56,YEARS,<65,M,WHITE,NOT HISPANIC OR LATINO,ESP,PBO,PLACEBO,Control
MK-3475-564,KEYNOTE564-S029-0112,0112,S029,57,YEARS,<65,M,WHITE,NOT HISPANIC OR LATINO,ITA,PEMBRO,PEMBROLIZUMAB,Pembrolizumab
MK-3475-564,KEYNOTE564-S029-0126,0126,S029,58,YEARS,<65,M,WHITE,HISPANIC OR LATINO,DEU,PEMBRO,PEMBROLIZUMAB,Pembrolizumab
MK-3475-564,KEYNOTE564-S029-0127,0127,S029,68,YEARS,>=65,F,WHITE,HISPANIC OR LATINO,ESP,PBO,PLACEBO,Control
MK-3475-564,KEYNOTE564-S029-0163,0163,S029,56,YEARS,<65,M,WHITE,NOT HISPANIC OR LATINO,ITA,PEMBRO,PEMBROLIZUMAB,Pembrolizumab
MK-3475-564,KEYNOTE564-S029-0178,0178,S029,70,YEARS,>=65,M,WHITE,NOT HISPANIC OR LATINO,ITA,PBO,PLACEBO,Control
MK-3475-564,KEYNOTE564-S029-0257,0257,S029,64,YEARS,<65,F,WHITE,NOT HISPANIC OR LATINO,CAN,PBO,PLACEBO,Control
MK-3475-564,KEYNOTE564-S029-0362,0362,S029,55,YEARS,<65,M,ASIAN,NOT HISPANIC OR LATINO,KOR,PEMBRO,PEMBROLIZUMAB,Pembrolizumab
MK-3475-564,KEYNOTE564-S029-0505,0505,S029,50,YEARS,<65,F,UNKNOWN,NOT HISPANIC OR LATINO,AUS,PBO,PLACEBO,Control
MK-3475-564,KEYNOTE564-S029-0520,0520,S029,53,YEARS,<65,F,WHITE,NOT HISPANIC OR LATINO,DEU,PEMBRO,PEMBROLIZUMAB,Pembrolizumab
MK-3475-564,KEYNOTE564-S029-0540,0540,S029,57,YEARS,<65,M,WHITE,NOT HISPANIC OR LATINO,USA,PEMBRO,PEMBROLIZUMAB,Pembrolizumab
MK-3475-564,KEYNOTE564-S029-0549,0549,S029,61,YEARS,<65,F,WHITE,NOT HISPANIC OR LATINO,KOR,PEMBRO,PEMBROLIZUMAB,Pembrolizumab
MK-3475-564,KEYNOTE564-S029-0636,0636,S029,44,YEARS,<65,M,ASIAN,HISPANIC OR LATINO,GBR,PBO,PLACEBO,Control
MK-3475-564,KEYNOTE564-S029-0675,0675,S029,62,YEARS,<65,M,ASIAN,NOT HISPANIC OR LATINO,GBR,PEMBRO,PEMBROLIZUMAB,Pembrolizumab
MK-3475-564,KEYNOTE564-S029-0683,0683,S029,64,YEARS,<65,F,WHITE,NOT HISPANIC OR LATINO,GBR,PBO,PLACEBO,Control
MK-3475-564,KEYNOTE564-S029-0719,0719,S029,59,YEARS,<65,M,WHITE,NOT HISPANIC OR LATINO,USA,PEMBRO,PEMBROLIZUMAB,Pembrolizumab
MK-3475-564,KEYNOTE564-S029-0793,0793,S029,85,YEARS,>=65,F,WHITE,NOT HISPANIC OR LATINO,JPN,PEMBRO,PEMBROLIZUMAB,Pembrolizumab
MK-3475-564,KEYNOTE564-S029-0823,0823,S029,67,YEARS,>=65,F,WHITE,NOT HISPANIC OR LATINO,KOR,PEMBRO,PEMBROLIZUMAB,Pembrolizumab
MK-3475-564,KEYNOTE564-S029-0842,0842,S029,57,YEARS,<65,F,WHITE,NOT HISPANIC OR LATINO,USA,PBO,PLACEBO,Control
MK-3475-564,KEYNOTE564-S029-0918,0918,S029,52,YEARS,<65,M,BLACK OR AFRICAN AMERICAN,NOT HISPANIC OR LATINO,GBR,PEMBRO,PEMBROLIZUMAB,Pembrolizumab
MK-3475-564,KEYNOTE564-S029-0953,0953,S029,59,YEARS,<65,M,UNKNOWN,HISPANIC OR LATINO,USA,PEMBRO,PEMBROLIZUMAB,Pembrolizumab
MK-3475-564,KEYNOTE564-S029-0991,0991,S029,70,YEARS,>=65,M,WHITE,NOT HISPANIC OR LATINO,GBR,PBO,PLACEBO,Control
MK-3475-564,KEYNOTE564-S030-0024,0024,S030,53,YEARS,<65,F,WHITE,NOT HISPANIC OR LATINO,CAN,PBO,PLACEBO,Control
MK-3475-564,KEYNOTE564-S030-0096,0096,S030,63,YEARS,<65,M,WHITE,NOT HISPANIC OR LATINO,USA,PBO,PLACEBO,Control
MK-3475-564,KEYNOTE564-S030-0133,0133,S030,60,YEARS,<65,F,WHITE,HISPANIC OR LATINO,USA,PBO,PLACEBO,Control
MK-3475-564,KEYNOTE564-S030-0177,0177,S030,55,YEARS,<65,M,WHITE,NOT HISPANIC OR LATINO,DEU,PBO,PLACEBO,Control
MK-3475-564,KEYNOTE564-S030-0357,0357,S030,64,YEARS,<65,F,WHITE,NOT HISPANIC OR LATINO,ESP,PEMBRO,PEMBROLIZUMAB,Pembrolizumab
MK-3475-564,KEYNOTE564-S030-0383,0383,S030,73,YEARS,>=65,M,WHITE,NOT HISPANIC OR LATINO,USA,PBO,PLACEBO,Control
MK-3475-564,KEYNOTE564-S030-0425,0425,S030,54,YEARS,<65,M,WHITE,HISPANIC OR LATINO,USA,PEMBRO,PEMBROLIZUMAB,Pembrolizumab
MK-3475-564,KEYNOTE564-S030-0548,0548,S030,61,YEARS,<65,M,WHITE,NOT HISPANIC OR LATINO,USA,PBO,PLACEBO,Control
MK-3475-564,KEYNOTE564-S030-0605,0605,S030,58,YEARS,<65,M,WHITE,NOT HISPANIC OR LATINO,FRA,PBO,PLACEBO,Control
MK-3475-564,KEYNOTE564-S030-0668,0668,S030,52,YEARS,<65,M,WHITE,NOT HISPANIC OR LATINO,AUS,PEMBRO,PEMBROLIZUMAB,Pembrolizumab
MK-3475-564,KEYNOTE564-S030-0879,0879,S030,69,YEARS,>=65,M,WHITE,NOT HISPANIC OR LATINO,CHN,PEMBRO,PEMBROLIZUMAB,Pembrolizumab
MK-3475-564,KEYNOTE564-S030-0896,0896,S030,68,YEARS,>=65,M,WHITE,NOT HISPANIC OR LATINO,GBR,PEMBRO,PEMBROLIZUMAB,Pembrolizumab
MK-3475-564,KEYNOTE564-S030-0950,0950,S030,57,YEARS,<65,M,WHITE,NOT HISPANIC OR LATINO,USA,PEMBRO,PEMBROLIZUMAB,Pembrolizumab
MK-3475-564,KEYNOTE564-S030-0971,0971,S030,67,YEARS,>=65,M,UNKNOWN,NOT HISPANIC OR LATINO,USA,PBO,PLACEBO,Control
MK-3475-564,KEYNOTE564-S030-0979,0979,S030,59,YEARS,<65,M,ASIAN,NOT HISPANIC OR LATINO,ITA,PBO,PLACEBO,Control
MK-3475-564,KEYNOTE564-S031-0103,0103,S031,59,YEARS,<65,M,ASIAN,HISPANIC OR LATINO,RUS,PBO,PLACEBO,Control
MK-3475-564,KEYNOTE564-S031-0108,0108,S031,29,YEARS,<65,M,WHITE,NOT HISPANIC OR LATINO,ITA,PBO,PLACEBO,Control
MK-3475-564,KEYNOTE564-S031-0209,0209,S031,54,YEARS,<65,M,WHITE,NOT HISPANIC OR LATINO,ESP,PEMBRO,PEMBROLIZUMAB,Pembrolizumab
MK-3475-564,KEYNOTE564-S031-0281,0281,S031,42,YEARS,<65,M,WHITE,NOT HISPANIC OR LATINO,RUS,PBO,PLACEBO,Control
MK-3475-564,KEYNOTE564-S031-0339,0339,S031,71,YEARS,>=65,M,WHITE,NOT HISPANIC OR LATINO,JPN,PEMBRO,PEMBROLIZUMAB,Pembrolizumab
MK-3475-564,KEYNOTE564-S031-0396,0396,S031,68,YEARS,>=65,F,WHITE,NOT HISPANIC OR LATINO,CAN,PBO,PLACEBO,Control
MK-3475-564,KEYNOTE564-S031-0440,0440,S031,56,YEARS,<65,M,WHITE,NOT HISPANIC OR LATINO,ESP,PEMBRO,PEMBROLIZUMAB,Pembrolizumab
MK-3475-564,KEYNOTE564-S031-0661,0661,S031,52,YEARS,<65,M,UNKNOWN,NOT HISPANIC OR LATINO,CAN,PBO,PLACEBO,Control
MK-3475-564,KEYNOTE564-S031-0688,0688,S031,44,YEARS,<65,F,WHITE,NOT HISPANIC OR LATINO,AUS,PBO,PLACEBO,Control
MK-3475-564,KEYNOTE564-S031-0689,0689,S031,56,YEARS,<65,M,WHITE,NOT HISPANIC OR LATINO,ESP,PEMBRO,PEMBROLIZUMAB,Pembrolizumab
MK-3475-564,KEYNOTE564-S031-0703,0703,S031,74,YEARS,>=65,M,WHITE,NOT HISPANIC OR LATINO,AUS,PEMBRO,PEMBROLIZUMAB,Pembrolizumab
MK-3475-564,KEYNOTE564-S031-0751,0751,S031,55,YEARS,<65,M,UNKNOWN,NOT HISPANIC OR LATINO,JPN,PEMBRO,PEMBROLIZUMAB,Pembrolizumab
MK-3475-564,KEYNOTE564-S031-0778,0778,S031,69,YEARS,>=65,M,ASIAN,NOT HISPANIC OR LATINO,KOR,PBO,PLACEBO,Control
MK-3475-564,KEYNOTE564-S031-0787,0787,S031,59,YEARS,<65,M,WHITE,NOT HISPANIC OR LATINO,FRA,PBO,PLACEBO,Control
MK-3475-564,KEYNOTE564-S031-0791,0791,S031,50,YEARS,<65,F,MULTIPLE,NOT HISPANIC OR LATINO,GBR,PBO,PLACEBO,Control
MK-3475-564,KEYNOTE564-S031-0939,0939,S031,57,YEARS,<65,F,UNKNOWN,NOT HISPANIC OR LATINO,FRA,PBO,PLACEBO,Control
MK-3475-564,KEYNOTE564-S031-0982,0982,S031,60,YEARS,<65,F,WHITE,NOT HISPANIC OR LATINO,JPN,PBO,PLACEBO,Control
MK-3475-564,KEYNOTE564-S031-0984,0984,S031,49,YEARS,<65,M,ASIAN,NOT HISPANIC OR LATINO,DEU,PBO,PLACEBO,Control
MK-3475-564,KEYNOTE564-S032-0047,0047,S032,69,YEARS,>=65,M,WHITE,NOT HISPANIC OR LATINO,DEU,PBO,PLACEBO,Control
MK-3475-564,KEYNOTE564-S032-0061,0061,S032,49,YEARS,<65,M,WHITE,NOT HISPANIC OR LATINO,JPN,PEMBRO,PEMBROLIZUMAB,Pembrolizumab
MK-3475-564,KEYNOTE564-S032-0065,0065,S032,44,YEARS,<65,M,WHITE,NOT HISPANIC OR LATINO,JPN,PBO,PLACEBO,Control
MK-3475-564,KEYNOTE564-S032-0149,0149,S032,77,YEARS,>=65,M,ASIAN,HISPANIC OR LATINO,ITA,PEMBRO,PEMBROLIZUMAB,Pembrolizumab
MK-3475-564,KEYNOTE564-S032-0169,0169,S032,68,YEARS,>=65,M,WHITE,HISPANIC OR LATINO,ESP,PBO,PLACEBO,Control
MK-3475-564,KEYNOTE564-S032-0170,0170,S032,57,YEARS,<65,M,WHITE,NOT HISPANIC OR LATINO,FRA,PBO,PLACEBO,Control
MK-3475-564,KEYNOTE564-S032-0264,0264,S032,44,YEARS,<65,M,WHITE,NOT HISPANIC OR LATINO,CHN,PBO,PLACEBO,Control
MK-3475-564,KEYNOTE564-S032-0265,0265,S032,54,YEARS,<65,F,WHITE,NOT HISPANIC OR LATINO,ESP,PBO,PLACEBO,Control
MK-3475-564,KEYNOTE564-S032-0322,0322,S032,59,YEARS,<65,M,WHITE,NOT HISPANIC OR LATINO,ESP,PBO,PLACEBO,Control
MK-3475-564,KEYNOTE564-S032-0333,0333,S032,67,YEARS,>=65,F,WHITE,NOT HISPANIC OR LATINO,ESP,PBO,PLACEBO,Control
MK-3475-564,KEYNOTE564-S032-0419,0419,S032,54,YEARS,<65,F,ASIAN,NOT HISPANIC OR LATINO,RUS,PEMBRO,PEMBROLIZUMAB,Pembrolizumab
MK-3475-564,KEYNOTE564-S032-0539,0539,S032,72,YEARS,>=65,M,WHITE,NOT HISPANIC OR LATINO,CHN,PBO,PLACEBO,Control
MK-3475-564,KEYNOTE564-S032-0554,0554,S032,57,YEARS,<65,M,WHITE,NOT HISPANIC OR LATINO,USA,PEMBRO,PEMBROLIZUMAB,Pembrolizumab
MK-3475-564,KEYNOTE564-S032-0570,0570,S032,51,YEARS,<65,F,WHITE,NOT HISPANIC OR LATINO,CHN,PEMBRO,PEMBROLIZUMAB,Pembrolizumab
MK-3475-564,KEYNOTE564-S032-0603,0603,S032,40,YEARS,<65,M,ASIAN,NOT HISPANIC OR LATINO,RUS,PBO,PLACEBO,Control
MK-3475-564,KEYNOTE564-S032-0638,0638,S032,69,YEARS,>=65,M,WHITE,NOT HISPANIC OR LATINO,CAN,PBO,PLACEBO,Control
MK-3475-564,KEYNOTE564-S032-0710,0710,S032,59,YEARS,<65,M,WHITE,NOT HISPANIC OR LATINO,USA,PBO,PLACEBO,Control
MK-3475-564,KEYNOTE564-S032-0720,0720,S032,48,YEARS,<65,M,WHITE,HISPANIC OR LATINO,USA,PEMBRO,PEMBROLIZUMAB,Pembrolizumab
MK-3475-564,KEYNOTE564-S032-0767,0767,S032,63,YEARS,<65,M,WHITE,NOT HISPANIC OR LATINO,DEU,PEMBRO,PEMBROLIZUMAB,Pembrolizumab
MK-3475-564,KEYNOTE564-S032-0854,0854,S032,54,YEARS,<65,M,WHITE,HISPANIC OR LATINO,DEU,PBO,PLACEBO,Control
MK-3475-564,KEYNOTE564-S032-0875,0875,S032,55,YEARS,<65,M,WHITE,NOT HISPANIC OR LATINO,RUS,PEMBRO,PEMBROLIZUMAB,Pembrolizumab
MK-3475-564,KEYNOTE564-S032-0901,0901,S032,38,YEARS,<65,M,ASIAN,NOT HISPANIC OR LATINO,RUS,PEMBRO,PEMBROLIZUMAB,Pembrolizumab
MK-3475-564,KEYNOTE564-S033-0036,0036,S033,61,YEARS,<65,M,WHITE,NOT HISPANIC OR LATINO,GBR,PBO,PLACEBO,Control
MK-3475-564,KEYNOTE564-S033-0059,0059,S033,62,YEARS,<65,M,WHITE,NOT HISPANIC OR LATINO,USA,PBO,PLACEBO,Control
MK-3475-564,KEYNOTE564-S033-0063,0063,S033,69,YEARS,>=65,M,WHITE,NOT HISPANIC OR LATINO,CHN,PBO,PLACEBO,Control
MK-3475-564,KEYNOTE564-S033-0069,0069,S033,41,YEARS,<65,M,WHITE,NOT HISPANIC OR LATINO,KOR,PBO,PLACEBO,Control
MK-3475-564,KEYNOTE564-S033-0202,0202,S033,60,YEARS,<65,M,WHITE,NOT HISPANIC OR LATINO,USA,PEMBRO,PEMBROLIZUMAB,Pembrolizumab
MK-3475-564,KEYNOTE564-S033-0231,0231,S033,70,YEARS,>=65,F,WHITE,NOT HISPANIC OR LATINO,KOR,PEMBRO,PEMBROLIZUMAB,Pembrolizumab
MK-3475-564,KEYNOTE564-S033-0245,0245,S033,59,YEARS,<65,F,WHITE,NOT HISPANIC OR LATINO,GBR,PBO,PLACEBO,Control
MK-3475-564,KEYNOTE564-S033-0291,0291,S033,64,YEARS,<65,M,WHITE,NOT HISPANIC OR LATINO,RUS,PBO,PLACEBO,Control
MK-3475-564,KEYNOTE564-S033-0293,0293,S033,58,YEARS,<65,M,WHITE,NOT HISPANIC OR LATINO,DEU,PBO,PLACEBO,Control
MK-3475-564,KEYNOTE564-S033-0340,0340,S033,61,YEARS,<65,F,WHITE,NOT HISPANIC OR LATINO,RUS,PEMBRO,PEMBROLIZUMAB,Pembrolizumab
MK-3475-564,KEYNOTE564-S033-0399,0399,S033,48,YEARS,<65,M,WHITE,NOT HISPANIC OR LATINO,USA,PBO,PLACEBO,Control
MK-3475-564,KEYNOTE564-S033-0430,0430,S033,54,YEARS,<65,F,WHITE,NOT HISPANIC OR LATINO,FRA,PBO,PLACEBO,Control
MK-3475-564,KEYNOTE564-S033-0441,0441,S033,66,YEARS,>=65,M,WHITE,HISPANIC OR LATINO,CHN,PEMBRO,PEMBROLIZUMAB,Pembrolizumab
MK-3475-564,KEYNOTE564-S033-0447,0447,S033,69,YEARS,>=65,F,WHITE,NOT HISPANIC OR LATINO,CHN,PBO,PLACEBO,Control
MK-3475-564,KEYNOTE564-S033-0518,0518,S033,56,YEARS,<65,M,WHITE,NOT HISPANIC OR LATINO,CHN,PEMBRO,PEMBROLIZUMAB,Pembrolizumab
MK-3475-564,KEYNOTE564-S033-0593,0593,S033,59,YEARS,<65,M,WHITE,NOT HISPANIC OR LATINO,USA,PBO,PLACEBO,Control
MK-3475-564,KEYNOTE564-S033-0599,0599,S033,60,YEARS,<65,M,WHITE,NOT HISPANIC OR LATINO,ITA,PBO,PLACEBO,Control
MK-3475-564,KEYNOTE564-S033-0602,0602,S033,60,YEARS,<65,M,WHITE,NOT HISPANIC OR LATINO,USA,PEMBRO,PEMBROLIZUMAB,Pembrolizumab
MK-3475-564,KEYNOTE564-S033-0669,0669,S033,64,YEARS,<65,M,WHITE,HISPANIC OR LATINO,ESP,PEMBRO,PEMBROLIZUMAB,Pembrolizumab
MK-3475-564,KEYNOTE564-S033-0724,0724,S033,56,YEARS,<65,F,BLACK OR AFRICAN AMERICAN,NOT HISPANIC OR LATINO,USA,PBO,PLACEBO,Control
MK-3475-564,KEYNOTE564-S033-0792,0792,S033,52,YEARS,<65,F,ASIAN,NOT HISPANIC OR LATINO,DEU,PBO,PLACEBO,Control
MK-3475-564,KEYNOTE564-S033-0798,0798,S033,69,YEARS,>=65,M,WHITE,NOT HISPANIC OR LATINO,USA,PEMBRO,PEMBROLIZUMAB,Pembrolizumab
MK-3475-564,KEYNOTE564-S033-0869,0869,S033,82,YEARS,>=65,M,ASIAN,NOT HISPANIC OR LATINO,USA,PEMBRO,PEMBROLIZUMAB,Pembrolizumab
MK-3475-564,KEYNOTE564-S033-0912,0912,S033,52,YEARS,<65,M,WHITE,NOT HISPANIC OR LATINO,GBR,PEMBRO,PEMBROLIZUMAB,Pembrolizumab
MK-3475-564,KEYNOTE564-S034-0022,0022,S034,47,YEARS,<65,M,WHITE,NOT HISPANIC OR LATINO,CAN,PEMBRO,PEMBROLIZUMAB,Pembrolizumab
MK-3475-564,KEYNOTE564-S034-0040,0040,S034,52,YEARS,<65,M,ASIAN,NOT HISPANIC OR LATINO,USA,PEMBRO,PEMBROLIZUMAB,Pembrolizumab
MK-3475-564,KEYNOTE564-S034-0053,0053,S034,77,YEARS,>=65,F,WHITE,HISPANIC OR LATINO,ITA,PBO,PLACEBO,Control
MK-3475-564,KEYNOTE564-S034-0164,0164,S034,62,YEARS,<65,M,WHITE,NOT HISPANIC OR LATINO,USA,PBO,PLACEBO,Control
MK-3475-564,KEYNOTE564-S034-0193,0193,S034,56,YEARS,<65,M,WHITE,HISPANIC OR LATINO,USA,PBO,PLACEBO,Control
MK-3475-564,KEYNOTE564-S034-0332,0332,S034,69,YEARS,>=65,M,WHITE,NOT HISPANIC OR LATINO,AUS,PEMBRO,PEMBROLIZUMAB,Pembrolizumab
MK-3475-564,KEYNOTE564-S034-0405,0405,S034,60,YEARS,<65,M,WHITE,HISPANIC OR LATINO,JPN,PEMBRO,PEMBROLIZUMAB,Pembrolizumab
MK-3475-564,KEYNOTE564-S034-0416,0416,S034,71,YEARS,>=65,M,UNKNOWN,NOT HISPANIC OR LATINO,FRA,PBO,PLACEBO,Control
MK-3475-564,KEYNOTE564-S034-0445,0445,S034,48,YEARS,<65,M,WHITE,NOT HISPANIC OR LATINO,JPN,PBO,PLACEBO,Control
MK-3475-564,KEYNOTE564-S034-0494,0494,S034,70,YEARS,>=65,M,WHITE,NOT HISPANIC OR LATINO,AUS,PBO,PLACEBO,Control
MK-3475-564,KEYNOTE564-S034-0501,0501,S034,62,YEARS,<65,F,WHITE,NOT HISPANIC OR LATINO,DEU,PBO,PLACEBO,Control
MK-3475-564,KEYNOTE564-S034-0628,0628,S034,61,YEARS,<65,F,WHITE,NOT HISPANIC OR LATINO,KOR,PEMBRO,PEMBROLIZUMAB,Pembrolizumab
MK-3475-564,KEYNOTE564-S034-0680,0680,S034,67,YEARS,>=65,M,WHITE,NOT HISPANIC OR LATINO,JPN,PEMBRO,PEMBROLIZUMAB,Pembrolizumab
MK-3475-564,KEYNOTE564-S034-0699,0699,S034,46,YEARS,<65,M,WHITE,NOT HISPANIC OR LATINO,RUS,PEMBRO,PEMBROLIZUMAB,Pembrolizumab
MK-3475-564,KEYNOTE564-S034-0814,0814,S034,57,YEARS,<65,M,WHITE,NOT HISPANIC OR LATINO,USA,PBO,PLACEBO,Control
MK-3475-564,KEYNOTE564-S034-0922,0922,S034,79,YEARS,>=65,F,WHITE,NOT HISPANIC OR LATINO,AUS,PBO,PLACEBO,Control
MK-3475-564,KEYNOTE564-S034-0955,0955,S034,66,YEARS,>=65,M,WHITE,NOT HISPANIC OR LATINO,JPN,PEMBRO,PEMBROLIZUMAB,Pembrolizumab
MK-3475-564,KEYNOTE564-S035-0012,0012,S035,49,YEARS,<65,F,ASIAN,NOT HISPANIC OR LATINO,FRA,PEMBRO,PEMBROLIZUMAB,Pembrolizumab
MK-3475-564,KEYNOTE564-S035-0044,0044,S035,61,YEARS,<65,M,WHITE,NOT HISPANIC OR LATINO,AUS,PBO,PLACEBO,Control
MK-3475-564,KEYNOTE564-S035-0119,0119,S035,63,YEARS,<65,M,WHITE,NOT HISPANIC OR LATINO,ESP,PBO,PLACEBO,Control
MK-3475-564,KEYNOTE564-S035-0186,0186,S035,69,YEARS,>=65,M,WHITE,NOT HISPANIC OR LATINO,CHN,PBO,PLACEBO,Control
MK-3475-564,KEYNOTE564-S035-0253,0253,S035,60,YEARS,<65,M,WHITE,HISPANIC OR LATINO,FRA,PBO,PLACEBO,Control
MK-3475-564,KEYNOTE564-S035-0284,0284,S035,57,YEARS,<65,M,WHITE,NOT HISPANIC OR LATINO,FRA,PBO,PLACEBO,Control
MK-3475-564,KEYNOTE564-S035-0335,0335,S035,59,YEARS,<65,F,WHITE,NOT HISPANIC OR LATINO,RUS,PBO,PLACEBO,Control
MK-3475-564,KEYNOTE564-S035-0365,0365,S035,64,YEARS,<65,F,WHITE,NOT HISPANIC OR LATINO,CHN,PBO,PLACEBO,Control
MK-3475-564,KEYNOTE564-S035-0468,0468,S035,43,YEARS,<65,F,WHITE,NOT HISPANIC OR LATINO,ESP,PBO,PLACEBO,Control
MK-3475-564,KEYNOTE564-S035-0562,0562,S035,61,YEARS,<65,M,ASIAN,NOT HISPANIC OR LATINO,GBR,PEMBRO,PEMBROLIZUMAB,Pembrolizumab
MK-3475-564,KEYNOTE564-S035-0578,0578,S035,51,YEARS,<65,M,WHITE,NOT HISPANIC OR LATINO,ITA,PBO,PLACEBO,Control
MK-3475-564,KEYNOTE564-S035-0604,0604,S035,59,YEARS,<65,F,BLACK OR AFRICAN AMERICAN,NOT HISPANIC OR LATINO,RUS,PEMBRO,PEMBROLIZUMAB,Pembrolizumab
MK-3475-564,KEYNOTE564-S035-0608,0608,S035,69,YEARS,>=65,F,WHITE,NOT HISPANIC OR LATINO,JPN,PEMBRO,PEMBROLIZUMAB,Pembrolizumab
MK-3475-564,KEYNOTE564-S035-0671,0671,S035,60,YEARS,<65,M,WHITE,NOT HISPANIC OR LATINO,GBR,PBO,PLACEBO,Control
MK-3475-564,KEYNOTE564-S035-0737,0737,S035,62,YEARS,<65,F,ASIAN,HISPANIC OR LATINO,JPN,PEMBRO,PEMBROLIZUMAB,Pembrolizumab
MK-3475-564,KEYNOTE564-S035-0864,0864,S035,57,YEARS,<65,M,ASIAN,NOT HISPANIC OR LATINO,FRA,PBO,PLACEBO,Control
MK-3475-564,KEYNOTE564-S035-0882,0882,S035,71,YEARS,>=65,M,ASIAN,NOT HISPANIC OR LATINO,GBR,PEMBRO,PEMBROLIZUMAB,Pembrolizumab
MK-3475-564,KEYNOTE564-S035-0907,0907,S035,71,YEARS,>=65,M,WHITE,NOT HISPANIC OR LATINO,CAN,PBO,PLACEBO,Control
MK-3475-564,KEYNOTE564-S036-0026,0026,S036,62,YEARS,<65,F,ASIAN,NOT HISPANIC OR LATINO,FRA,PBO,PLACEBO,Control
MK-3475-564,KEYNOTE564-S036-0028,0028,S036,58,YEARS,<65,M,ASIAN,NOT HISPANIC OR LATINO,RUS,PEMBRO,PEMBROLIZUMAB,Pembrolizumab
MK-3475-564,KEYNOTE564-S036-0056,0056,S036,54,YEARS,<65,M,WHITE,NOT HISPANIC OR LATINO,ESP,PEMBRO,PEMBROLIZUMAB,Pembrolizumab
MK-3475-564,KEYNOTE564-S036-0077,0077,S036,68,YEARS,>=65,M,WHITE,HISPANIC OR LATINO,CAN,PEMBRO,PEMBROLIZUMAB,Pembrolizumab
MK-3475-564,KEYNOTE564-S036-0105,0105,S036,63,YEARS,<65,F,WHITE,NOT HISPANIC OR LATINO,USA,PBO,PLACEBO,Control
MK-3475-564,KEYNOTE564-S036-0167,0167,S036,55,YEARS,<65,M,WHITE,NOT HISPANIC OR LATINO,JPN,PEMBRO,PEMBROLIZUMAB,Pembrolizumab
MK-3475-564,KEYNOTE564-S036-0243,0243,S036,64,YEARS,<65,M,ASIAN,NOT HISPANIC OR LATINO,CAN,PEMBRO,PEMBROLIZUMAB,Pembrolizumab
MK-3475-564,KEYNOTE564-S036-0278,0278,S036,51,YEARS,<65,M,UNKNOWN,NOT HISPANIC OR LATINO,USA,PBO,PLACEBO,Control
MK-3475-564,KEYNOTE564-S036-0303,0303,S036,53,YEARS,<65,M,WHITE,NOT HISPANIC OR LATINO,CAN,PEMBRO,PEMBROLIZUMAB,Pembrolizumab
MK-3475-564,KEYNOTE564-S036-0369,0369,S036,59,YEARS,<65,M,WHITE,NOT HISPANIC OR LATINO,JPN,PEMBRO,PEMBROLIZUMAB,Pembrolizumab
MK-3475-564,KEYNOTE564-S036-0372,0372,S036,54,YEARS,<65,M,WHITE,NOT HISPANIC OR LATINO,USA,PBO,PLACEBO,Control
MK-3475-564,KEYNOTE564-S036-0387,0387,S036,70,YEARS,>=65,M,WHITE,NOT HISPANIC OR LATINO,KOR,PBO,PLACEBO,Control
MK-3475-564,KEYNOTE564-S036-0443,0443,S036,63,YEARS,<65,M,WHITE,NOT HISPANIC OR LATINO,USA,PEMBRO,PEMBROLIZUMAB,Pembrolizumab
MK-3475-564,KEYNOTE564-S036-0454,0454,S036,45,YEARS,<65,F,WHITE,NOT HISPANIC OR LATINO,AUS,PEMBRO,PEMBROLIZUMAB,Pembrolizumab
MK-3475-564,KEYNOTE564-S036-0513,0513,S036,59,YEARS,<65,F,WHITE,NOT HISPANIC OR LATINO,RUS,PEMBRO,PEMBROLIZUMAB,Pembrolizumab
MK-3475-564,KEYNOTE564-S036-0635,0635,S036,51,YEARS,<65,M,WHITE,NOT HISPANIC OR LATINO,AUS,PEMBRO,PEMBROLIZUMAB,Pembrolizumab
MK-3475-564,KEYNOTE564-S036-0673,0673,S036,62,YEARS,<65,F,WHITE,NOT HISPANIC OR LATINO,DEU,PBO,PLACEBO,Control
MK-3475-564,KEYNOTE564-S036-0682,0682,S036,68,YEARS,>=65,M,WHITE,NOT HISPANIC OR LATINO,RUS,PEMBRO,PEMBROLIZUMAB,Pembrolizumab
MK-3475-564,KEYNOTE564-S036-0697,0697,S036,70,YEARS,>=65,F,MULTIPLE,NOT HISPANIC OR LATINO,RUS,PEMBRO,PEMBROLIZUMAB,Pembrolizumab
MK-3475-564,KEYNOTE564-S036-0736,0736,S036,54,YEARS,<65,F,WHITE,NOT HISPANIC OR LATINO,USA,PBO,PLACEBO,Control
MK-3475-564,KEYNOTE564-S036-0810,0810,S036,55,YEARS,<65,M,BLACK OR AFRICAN AMERICAN,NOT HISPANIC OR LATINO,USA,PEMBRO,PEMBROLIZUMAB,Pembrolizumab
MK-3475-564,KEYNOTE564-S036-0838,0838,S036,63,YEARS,<65,M,WHITE,NOT HISPANIC OR LATINO,JPN,PEMBRO,PEMBROLIZUMAB,Pembrolizumab
MK-3475-564,KEYNOTE564-S037-0160,0160,S037,41,YEARS,<65,M,WHITE,NOT HISPANIC OR LATINO,JPN,PBO,PLACEBO,Control
MK-3475-564,KEYNOTE564-S037-0173,0173,S037,61,YEARS,<65,M,WHITE,NOT HISPANIC OR LATINO,USA,PEMBRO,PEMBROLIZUMAB,Pembrolizumab
MK-3475-564,KEYNOTE564-S037-0263,0263,S037,53,YEARS,<65,F,ASIAN,HISPANIC OR LATINO,DEU,PBO,PLACEBO,Control
MK-3475-564,KEYNOTE564-S037-0269,0269,S037,57,YEARS,<65,M,WHITE,NOT HISPANIC OR LATINO,USA,PBO,PLACEBO,Control
MK-3475-564,KEYNOTE564-S037-0326,0326,S037,65,YEARS,>=65,F,WHITE,NOT HISPANIC OR LATINO,USA,PBO,PLACEBO,Control
MK-3475-564,KEYNOTE564-S037-0352,0352,S037,69,YEARS,>=65,M,WHITE,NOT HISPANIC OR LATINO,AUS,PEMBRO,PEMBROLIZUMAB,Pembrolizumab
MK-3475-564,KEYNOTE564-S037-0486,0486,S037,61,YEARS,<65,M,WHITE,NOT HISPANIC OR LATINO,DEU,PBO,PLACEBO,Control
MK-3475-564,KEYNOTE564-S037-0515,0515,S037,65,YEARS,>=65,M,ASIAN,NOT HISPANIC OR LATINO,ESP,PEMBRO,PEMBROLIZUMAB,Pembrolizumab
MK-3475-564,KEYNOTE564-S037-0551,0551,S037,64,YEARS,<65,F,WHITE,NOT HISPANIC OR LATINO,FRA,PEMBRO,PEMBROLIZUMAB,Pembrolizumab
MK-3475-564,KEYNOTE564-S037-0557,0557,S037,67,YEARS,>=65,M,WHITE,NOT HISPANIC OR LATINO,AUS,PBO,PLACEBO,Control
MK-3475-564,KEYNOTE564-S037-0652,0652,S037,57,YEARS,<65,F,WHITE,HISPANIC OR LATINO,KOR,PBO,PLACEBO,Control
MK-3475-564,KEYNOTE564-S037-0739,0739,S037,59,YEARS,<65,F,WHITE,NOT HISPANIC OR LATINO,KOR,PEMBRO,PEMBROLIZUMAB,Pembrolizumab
MK-3475-564,KEYNOTE564-S037-0766,0766,S037,67,YEARS,>=65,F,WHITE,HISPANIC OR LATINO,ESP,PEMBRO,PEMBROLIZUMAB,Pembrolizumab
MK-3475-564,KEYNOTE564-S037-0839,0839,S037,53,YEARS,<65,M,WHITE,HISPANIC OR LATINO,ESP,PEMBRO,PEMBROLIZUMAB,Pembrolizumab
MK-3475-564,KEYNOTE564-S037-0890,0890,S037,69,YEARS,>=65,M,MULTIPLE,NOT HISPANIC OR LATINO,USA,PBO,PLACEBO,Control
MK-3475-564,KEYNOTE564-S037-0921,0921,S037,56,YEARS,<65,M,WHITE,NOT HISPANIC OR LATINO,FRA,PBO,PLACEBO,Control
MK-3475-564,KEYNOTE564-S037-0929,0929,S037,46,YEARS,<65,F,WHITE,NOT HISPANIC OR LATINO,USA,PBO,PLACEBO,Control
MK-3475-564,KEYNOTE564-S037-0948,0948,S037,54,YEARS,<65,F,WHITE,NOT HISPANIC OR LATINO,CHN,PBO,PLACEBO,Control
MK-3475-564,KEYNOTE564-S037-0967,0967,S037,66,YEARS,>=65,F,ASIAN,NOT HISPANIC OR LATINO,USA,PEMBRO,PEMBROLIZUMAB,Pembrolizumab
MK-3475-564,KEYNOTE564-S038-0004,0004,S038,48,YEARS,<65,F,WHITE,NOT HISPANIC OR LATINO,USA,PBO,PLACEBO,Control
MK-3475-564,KEYNOTE564-S038-0070,0070,S038,50,YEARS,<65,M,WHITE,NOT HISPANIC OR LATINO,CAN,PBO,PLACEBO,Control
MK-3475-564,KEYNOTE564-S038-0123,0123,S038,55,YEARS,<65,M,WHITE,NOT HISPANIC OR LATINO,KOR,PEMBRO,PEMBROLIZUMAB,Pembrolizumab
MK-3475-564,KEYNOTE564-S038-0153,0153,S038,46,YEARS,<65,M,WHITE,HISPANIC OR LATINO,FRA,PEMBRO,PEMBROLIZUMAB,Pembrolizumab
MK-3475-564,KEYNOTE564-S038-0221,0221,S038,58,YEARS,<65,M,WHITE,HISPANIC OR LATINO,USA,PBO,PLACEBO,Control
MK-3475-564,KEYNOTE564-S038-0225,0225,S038,61,YEARS,<65,M,WHITE,NOT HISPANIC OR LATINO,AUS,PEMBRO,PEMBROLIZUMAB,Pembrolizumab
MK-3475-564,KEYNOTE564-S038-0270,0270,S038,68,YEARS,>=65,F,ASIAN,HISPANIC OR LATINO,ITA,PBO,PLACEBO,Control
MK-3475-564,KEYNOTE564-S038-0320,0320,S038,56,YEARS,<65,M,ASIAN,NOT HISPANIC OR LATINO,ITA,PEMBRO,PEMBROLIZUMAB,Pembrolizumab
MK-3475-564,KEYNOTE564-S038-0351,0351,S038,48,YEARS,<65,M,WHITE,NOT HISPANIC OR LATINO,KOR,PBO,PLACEBO,Control
MK-3475-564,KEYNOTE564-S038-0367,0367,S038,52,YEARS,<65,M,ASIAN,NOT HISPANIC OR LATINO,ESP,PBO,PLACEBO,Control
MK-3475-564,KEYNOTE564-S038-0378,0378,S038,70,YEARS,>=65,M,ASIAN,HISPANIC OR LATINO,USA,PEMBRO,PEMBROLIZUMAB,Pembrolizumab
MK-3475-564,KEYNOTE564-S038-0526,0526,S038,53,YEARS,<65,M,WHITE,NOT HISPANIC OR LATINO,GBR,PEMBRO,PEMBROLIZUMAB,Pembrolizumab
MK-3475-564,KEYNOTE564-S038-0530,0530,S038,52,YEARS,<65,F,ASIAN,NOT HISPANIC OR LATINO,RUS,PEMBRO,PEMBROLIZUMAB,Pembrolizumab
MK-3475-564,KEYNOTE564-S038-0538,0538,S038,70,YEARS,>=65,M,WHITE,NOT HISPANIC OR LATINO,JPN,PBO,PLACEBO,Control
MK-3475-564,KEYNOTE564-S038-0555,0555,S038,65,YEARS,>=65,M,WHITE,NOT HISPANIC OR LATINO,DEU,PEMBRO,PEMBROLIZUMAB,Pembrolizumab
MK-3475-564,KEYNOTE564-S038-0647,0647,S038,71,YEARS,>=65,M,WHITE,NOT HISPANIC OR LATINO,USA,PBO,PLACEBO,Control
MK-3475-564,KEYNOTE564-S038-0712,0712,S038,70,YEARS,>=65,M,WHITE,NOT HISPANIC OR LATINO,CHN,PBO,PLACEBO,Control
MK-3475-564,KEYNOTE564-S038-0715,0715,S038,59,YEARS,<65,M,UNKNOWN,NOT HISPANIC OR LATINO,ITA,PEMBRO,PEMBROLIZUMAB,Pembrolizumab
MK-3475-564,KEYNOTE564-S038-0830,0830,S038,77,YEARS,>=65,M,WHITE,NOT HISPANIC OR LATINO,FRA,PBO,PLACEBO,Control
MK-3475-564,KEYNOTE564-S038-0831,0831,S038,53,YEARS,<65,F,ASIAN,NOT HISPANIC OR LATINO,JPN,PBO,PLACEBO,Control
MK-3475-564,KEYNOTE564-S038-0883,0883,S038,84,YEARS,>=65,M,ASIAN,NOT HISPANIC OR LATINO,JPN,PEMBRO,PEMBROLIZUMAB,Pembrolizumab
MK-3475-564,KEYNOTE564-S038-0958,0958,S038,67,YEARS,>=65,F,UNKNOWN,HISPANIC OR LATINO,CHN,PEMBRO,PEMBROLIZUMAB,Pembrolizumab
MK-3475-564,KEYNOTE564-S038-0983,0983,S038,46,YEARS,<65,F,WHITE,NOT HISPANIC OR LATINO,CAN,PEMBRO,PEMBROLIZUMAB,Pembrolizumab
MK-3475-564,KEYNOTE564-S039-0060,0060,S039,61,YEARS,<65,M,ASIAN,HISPANIC OR LATINO,FRA,PBO,PLACEBO,Control
MK-3475-564,KEYNOTE564-S039-0140,0140,S039,33,YEARS,<65,M,WHITE,NOT HISPANIC OR LATINO,USA,PEMBRO,PEMBROLIZUMAB,Pembrolizumab
MK-3475-564,KEYNOTE564-S039-0158,0158,S039,60,YEARS,<65,F,UNKNOWN,HISPANIC OR LATINO,ITA,PBO,PLACEBO,Control
MK-3475-564,KEYNOTE564-S039-0244,0244,S039,65,YEARS,>=65,F,WHITE,NOT HISPANIC OR LATINO,AUS,PEMBRO,PEMBROLIZUMAB,Pembrolizumab
MK-3475-564,KEYNOTE564-S039-0280,0280,S039,53,YEARS,<65,M,WHITE,NOT HISPANIC OR LATINO,KOR,PBO,PLACEBO,Control
MK-3475-564,KEYNOTE564-S039-0347,0347,S039,57,YEARS,<65,M,ASIAN,NOT HISPANIC OR LATINO,USA,PEMBRO,PEMBROLIZUMAB,Pembrolizumab
MK-3475-564,KEYNOTE564-S039-0457,0457,S039,57,YEARS,<65,M,WHITE,NOT HISPANIC OR LATINO,AUS,PBO,PLACEBO,Control
MK-3475-564,KEYNOTE564-S039-0529,0529,S039,68,YEARS,>=65,M,WHITE,NOT HISPANIC OR LATINO,FRA,PBO,PLACEBO,Control
MK-3475-564,KEYNOTE564-S039-0613,0613,S039,42,YEARS,<65,M,WHITE,NOT HISPANIC OR LATINO,USA,PEMBRO,PEMBROLIZUMAB,Pembrolizumab
MK-3475-564,KEYNOTE564-S039-0646,0646,S039,42,YEARS,<65,F,WHITE,NOT HISPANIC OR LATINO,KOR,PEMBRO,PEMBROLIZUMAB,Pembrolizumab
MK-3475-564,KEYNOTE564-S039-0666,0666,S039,49,YEARS,<65,M,WHITE,NOT HISPANIC OR LATINO,JPN,PBO,PLACEBO,Control
MK-3475-564,KEYNOTE564-S039-0797,0797,S039,68,YEARS,>=65,M,WHITE,NOT HISPANIC OR LATINO,ITA,PEMBRO,PEMBROLIZUMAB,Pembrolizumab
MK-3475-564,KEYNOTE564-S039-0878,0878,S039,59,YEARS,<65,M,WHITE,NOT HISPANIC OR LATINO,KOR,PEMBRO,PEMBROLIZUMAB,Pembrolizumab
MK-3475-564,KEYNOTE564-S039-0903,0903,S039,50,YEARS,<65,F,WHITE,NOT HISPANIC OR LATINO,ITA,PEMBRO,PEMBROLIZUMAB,Pembrolizumab
MK-3475-564,KEYNOTE564-S039-0974,0974,S039,45,YEARS,<65,F,WHITE,NOT HISPANIC OR LATINO,CAN,PBO,PLACEBO,Control
MK-3475-564,KEYNOTE564-S040-0034,0034,S040,54,YEARS,<65,M,WHITE,NOT HISPANIC OR LATINO,RUS,PEMBRO,PEMBROLIZUMAB,Pembrolizumab
MK-3475-564,KEYNOTE564-S040-0055,0055,S040,61,YEARS,<65,F,WHITE,NOT HISPANIC OR LATINO,CAN,PBO,PLACEBO,Control
MK-3475-564,KEYNOTE564-S040-0078,0078,S040,66,YEARS,>=65,M,WHITE,NOT HISPANIC OR LATINO,CHN,PEMBRO,PEMBROLIZUMAB,Pembrolizumab
MK-3475-564,KEYNOTE564-S040-0086,0086,S040,70,YEARS,>=65,F,WHITE,NOT HISPANIC OR LATINO,FRA,PEMBRO,PEMBROLIZUMAB,Pembrolizumab
MK-3475-564,KEYNOTE564-S040-0090,0090,S040,50,YEARS,<65,F,WHITE,NOT HISPANIC OR LATINO,GBR,PBO,PLACEBO,Control
MK-3475-564,KEYNOTE564-S040-0168,0168,S040,59,YEARS,<65,M,ASIAN,NOT HISPANIC OR LATINO,AUS,PBO,PLACEBO,Control
MK-3475-564,KEYNOTE564-S040-0175,0175,S040,41,YEARS,<65,M,WHITE,NOT HISPANIC OR LATINO,DEU,PBO,PLACEBO,Control
MK-3475-564,KEYNOTE564-S040-0337,0337,S040,45,YEARS,<65,M,WHITE,NOT HISPANIC OR LATINO,USA,PEMBRO,PEMBROLIZUMAB,Pembrolizumab
MK-3475-564,KEYNOTE564-S040-0360,0360,S040,61,YEARS,<65,M,ASIAN,HISPANIC OR LATINO,DEU,PEMBRO,PEMBROLIZUMAB,Pembrolizumab
MK-3475-564,KEYNOTE564-S040-0397,0397,S040,49,YEARS,<65,M,WHITE,NOT HISPANIC OR LATINO,USA,PEMBRO,PEMBROLIZUMAB,Pembrolizumab
MK-3475-564,KEYNOTE564-S040-0401,0401,S040,50,YEARS,<65,M,WHITE,NOT HISPANIC OR LATINO,USA,PEMBRO,PEMBROLIZUMAB,Pembrolizumab
MK-3475-564,KEYNOTE564-S040-0410,0410,S040,48,YEARS,<65,M,WHITE,NOT HISPANIC OR LATINO,JPN,PEMBRO,PEMBROLIZUMAB,Pembrolizumab
MK-3475-564,KEYNOTE564-S040-0421,0421,S040,56,YEARS,<65,M,ASIAN,NOT HISPANIC OR LATINO,KOR,PEMBRO,PEMBROLIZUMAB,Pembrolizumab
MK-3475-564,KEYNOTE564-S040-0458,0458,S040,67,YEARS,>=65,M,WHITE,NOT HISPANIC OR LATINO,GBR,PBO,PLACEBO,Control
MK-3475-564,KEYNOTE564-S040-0559,0559,S040,54,YEARS,<65,M,UNKNOWN,NOT HISPANIC OR LATINO,ESP,PBO,PLACEBO,Control
MK-3475-564,KEYNOTE564-S040-0561,0561,S040,58,YEARS,<65,M,WHITE,NOT HISPANIC OR LATINO,RUS,PEMBRO,PEMBROLIZUMAB,Pembrolizumab
MK-3475-564,KEYNOTE564-S040-0573,0573,S040,62,YEARS,<65,F,WHITE,NOT HISPANIC OR LATINO,KOR,PBO,PLACEBO,Control
MK-3475-564,KEYNOTE564-S040-0575,0575,S040,35,YEARS,<65,M,WHITE,HISPANIC OR LATINO,AUS,PEMBRO,PEMBROLIZUMAB,Pembrolizumab
MK-3475-564,KEYNOTE564-S040-0626,0626,S040,63,YEARS,<65,M,WHITE,NOT HISPANIC OR LATINO,ESP,PEMBRO,PEMBROLIZUMAB,Pembrolizumab
MK-3475-564,KEYNOTE564-S040-0644,0644,S040,43,YEARS,<65,F,WHITE,NOT HISPANIC OR LATINO,CAN,PBO,PLACEBO,Control
MK-3475-564,KEYNOTE564-S040-0695,0695,S040,63,YEARS,<65,M,WHITE,NOT HISPANIC OR LATINO,AUS,PBO,PLACEBO,Control
MK-3475-564,KEYNOTE564-S040-0744,0744,S040,52,YEARS,<65,M,WHITE,NOT HISPANIC OR LATINO,CHN,PEMBRO,PEMBROLIZUMAB,Pembrolizumab
MK-3475-564,KEYNOTE564-S040-0785,0785,S040,69,YEARS,>=65,M,UNKNOWN,NOT HISPANIC OR LATINO,CHN,PEMBRO,PEMBROLIZUMAB,Pembrolizumab
MK-3475-564,KEYNOTE564-S040-0866,0866,S040,52,YEARS,<65,F,WHITE,NOT HISPANIC OR LATINO,ITA,PEMBRO,PEMBROLIZUMAB,Pembrolizumab
MK-3475-564,KEYNOTE564-S041-0018,0018,S041,49,YEARS,<65,M,WHITE,HISPANIC OR LATINO,USA,PBO,PLACEBO,Control
MK-3475-564,KEYNOTE564-S041-0166,0166,S041,68,YEARS,>=65,M,ASIAN,NOT HISPANIC OR LATINO,CHN,PEMBRO,PEMBROLIZUMAB,Pembrolizumab
MK-3475-564,KEYNOTE564-S041-0204,0204,S041,58,YEARS,<65,M,WHITE,NOT HISPANIC OR LATINO,CHN,PEMBRO,PEMBROLIZUMAB,Pembrolizumab
MK-3475-564,KEYNOTE564-S041-0214,0214,S041,40,YEARS,<65,F,WHITE,NOT HISPANIC OR LATINO,USA,PEMBRO,PEMBROLIZUMAB,Pembrolizumab
MK-3475-564,KEYNOTE564-S041-0262,0262,S041,70,YEARS,>=65,M,WHITE,NOT HISPANIC OR LATINO,AUS,PEMBRO,PEMBROLIZUMAB,Pembrolizumab
MK-3475-564,KEYNOTE564-S041-0273,0273,S041,62,YEARS,<65,M,WHITE,NOT HISPANIC OR LATINO,USA,PBO,PLACEBO,Control
MK-3475-564,KEYNOTE564-S041-0283,0283,S041,33,YEARS,<65,M,ASIAN,NOT HISPANIC OR LATINO,USA,PBO,PLACEBO,Control
MK-3475-564,KEYNOTE564-S041-0294,0294,S041,49,YEARS,<65,M,UNKNOWN,NOT HISPANIC OR LATINO,KOR,PBO,PLACEBO,Control
MK-3475-564,KEYNOTE564-S041-0315,0315,S041,71,YEARS,>=65,F,UNKNOWN,NOT HISPANIC OR LATINO,FRA,PEMBRO,PEMBROLIZUMAB,Pembrolizumab
MK-3475-564,KEYNOTE564-S041-0321,0321,S041,61,YEARS,<65,F,BLACK OR AFRICAN AMERICAN,NOT HISPANIC OR LATINO,JPN,PEMBRO,PEMBROLIZUMAB,Pembrolizumab
MK-3475-564,KEYNOTE564-S041-0536,0536,S041,62,YEARS,<65,M,WHITE,NOT HISPANIC OR LATINO,DEU,PEMBRO,PEMBROLIZUMAB,Pembrolizumab
MK-3475-564,KEYNOTE564-S041-0541,0541,S041,52,YEARS,<65,M,UNKNOWN,NOT HISPANIC OR LATINO,CAN,PEMBRO,PEMBROLIZUMAB,Pembrolizumab
MK-3475-564,KEYNOTE564-S041-0662,0662,S041,54,YEARS,<65,M,WHITE,NOT HISPANIC OR LATINO,USA,PBO,PLACEBO,Control
MK-3475-564,KEYNOTE564-S041-0692,0692,S041,61,YEARS,<65,M,WHITE,NOT HISPANIC OR LATINO,GBR,PEMBRO,PEMBROLIZUMAB,Pembrolizumab
MK-3475-564,KEYNOTE564-S041-0742,0742,S041,60,YEARS,<65,M,WHITE,NOT HISPANIC OR LATINO,USA,PEMBRO,PEMBROLIZUMAB,Pembrolizumab
MK-3475-564,KEYNOTE564-S041-0760,0760,S041,49,YEARS,<65,M,WHITE,NOT HISPANIC OR LATINO,ESP,PBO,PLACEBO,Control
MK-3475-564,KEYNOTE564-S041-0818,0818,S041,66,YEARS,>=65,M,WHITE,NOT HISPANIC OR LATINO,AUS,PBO,PLACEBO,Control
MK-3475-564,KEYNOTE564-S041-0819,0819,S041,62,YEARS,<65,F,WHITE,NOT HISPANIC OR LATINO,USA,PBO,PLACEBO,Control
MK-3475-564,KEYNOTE564-S041-0827,0827,S041,44,YEARS,<65,M,UNKNOWN,NOT HISPANIC OR LATINO,RUS,PBO,PLACEBO,Control
MK-3475-564,KEYNOTE564-S041-0835,0835,S041,42,YEARS,<65,M,UNKNOWN,NOT HISPANIC OR LATINO,AUS,PBO,PLACEBO,Control
MK-3475-564,KEYNOTE564-S041-0888,0888,S041,42,YEARS,<65,F,WHITE,NOT HISPANIC OR LATINO,GBR,PEMBRO,PEMBROLIZUMAB,Pembrolizumab
MK-3475-564,KEYNOTE564-S042-0046,0046,S042,43,YEARS,<65,M,WHITE,HISPANIC OR LATINO,JPN,PEMBRO,PEMBROLIZUMAB,Pembrolizumab
MK-3475-564,KEYNOTE564-S042-0107,0107,S042,68,YEARS,>=65,F,WHITE,NOT HISPANIC OR LATINO,FRA,PEMBRO,PEMBROLIZUMAB,Pembrolizumab
MK-3475-564,KEYNOTE564-S042-0132,0132,S042,57,YEARS,<65,M,WHITE,NOT HISPANIC OR LATINO,KOR,PEMBRO,PEMBROLIZUMAB,Pembrolizumab
MK-3475-564,KEYNOTE564-S042-0154,0154,S042,51,YEARS,<65,F,WHITE,NOT HISPANIC OR LATINO,DEU,PEMBRO,PEMBROLIZUMAB,Pembrolizumab
MK-3475-564,KEYNOTE564-S042-0161,0161,S042,51,YEARS,<65,M,WHITE,NOT HISPANIC OR LATINO,CHN,PBO,PLACEBO,Control
MK-3475-564,KEYNOTE564-S042-0274,0274,S042,51,YEARS,<65,F,UNKNOWN,HISPANIC OR LATINO,ESP,PEMBRO,PEMBROLIZUMAB,Pembrolizumab
MK-3475-564,KEYNOTE564-S042-0309,0309,S042,63,YEARS,<65,M,ASIAN,NOT HISPANIC OR LATINO,CAN,PBO,PLACEBO,Control
MK-3475-564,KEYNOTE564-S042-0377,0377,S042,56,YEARS,<65,F,WHITE,NOT HISPANIC OR LATINO,KOR,PBO,PLACEBO,Control
MK-3475-564,KEYNOTE564-S042-0400,0400,S042,64,YEARS,<65,F,WHITE,NOT HISPANIC OR LATINO,CHN,PEMBRO,PEMBROLIZUMAB,Pembrolizumab
MK-3475-564,KEYNOTE564-S042-0404,0404,S042,50,YEARS,<65,F,ASIAN,NOT HISPANIC OR LATINO,USA,PEMBRO,PEMBROLIZUMAB,Pembrolizumab
MK-3475-564,KEYNOTE564-S042-0464,0464,S042,52,YEARS,<65,M,WHITE,NOT HISPANIC OR LATINO,RUS,PBO,PLACEBO,Control
MK-3475-564,KEYNOTE564-S042-0476,0476,S042,70,YEARS,>=65,F,WHITE,NOT HISPANIC OR LATINO,DEU,PEMBRO,PEMBROLIZUMAB,Pembrolizumab
MK-3475-564,KEYNOTE564-S042-0525,0525,S042,53,YEARS,<65,M,ASIAN,NOT HISPANIC OR LATINO,JPN,PEMBRO,PEMBROLIZUMAB,Pembrolizumab
MK-3475-564,KEYNOTE564-S042-0589,0589,S042,66,YEARS,>=65,M,WHITE,NOT HISPANIC OR LATINO,KOR,PBO,PLACEBO,Control
MK-3475-564,KEYNOTE564-S042-0684,0684,S042,71,YEARS,>=65,M,WHITE,NOT HISPANIC OR LATINO,USA,PBO,PLACEBO,Control
MK-3475-564,KEYNOTE564-S042-0762,0762,S042,51,YEARS,<65,F,WHITE,NOT HISPANIC OR LATINO,USA,PEMBRO,PEMBROLIZUMAB,Pembrolizumab
MK-3475-564,KEYNOTE564-S042-0848,0848,S042,46,YEARS,<65,M,WHITE,NOT HISPANIC OR LATINO,AUS,PEMBRO,PEMBROLIZUMAB,Pembrolizumab
MK-3475-564,KEYNOTE564-S042-0851,0851,S042,66,YEARS,>=65,M,UNKNOWN,NOT HISPANIC OR LATINO,CHN,PBO,PLACEBO,Control
MK-3475-564,KEYNOTE564-S042-0855,0855,S042,59,YEARS,<65,M,WHITE,NOT HISPANIC OR LATINO,DEU,PEMBRO,PEMBROLIZUMAB,Pembrolizumab
MK-3475-564,KEYNOTE564-S042-0867,0867,S042,53,YEARS,<65,M,WHITE,NOT HISPANIC OR LATINO,CHN,PBO,PLACEBO,Control
MK-3475-564,KEYNOTE564-S042-0913,0913,S042,56,YEARS,<65,F,ASIAN,HISPANIC OR LATINO,ESP,PBO,PLACEBO,Control
MK-3475-564,KEYNOTE564-S042-0938,0938,S042,66,YEARS,>=65,M,WHITE,NOT HISPANIC OR LATINO,KOR,PEMBRO,PEMBROLIZUMAB,Pembrolizumab
MK-3475-564,KEYNOTE564-S042-0972,0972,S042,67,YEARS,>=65,M,WHITE,NOT HISPANIC OR LATINO,USA,PBO,PLACEBO,Control
MK-3475-564,KEYNOTE564-S042-0989,0989,S042,63,YEARS,<65,F,WHITE,NOT HISPANIC OR LATINO,GBR,PEMBRO,PEMBROLIZUMAB,Pembrolizumab
MK-3475-564,KEYNOTE564-S043-0007,0007,S043,78,YEARS,>=65,M,WHITE,HISPANIC OR LATINO,ESP,PBO,PLACEBO,Control
MK-3475-564,KEYNOTE564-S043-0021,0021,S043,46,YEARS,<65,F,WHITE,NOT HISPANIC OR LATINO,RUS,PEMBRO,PEMBROLIZUMAB,Pembrolizumab
MK-3475-564,KEYNOTE564-S043-0143,0143,S043,35,YEARS,<65,F,WHITE,NOT HISPANIC OR LATINO,USA,PEMBRO,PEMBROLIZUMAB,Pembrolizumab
MK-3475-564,KEYNOTE564-S043-0187,0187,S043,52,YEARS,<65,M,WHITE,NOT HISPANIC OR LATINO,CAN,PBO,PLACEBO,Control
MK-3475-564,KEYNOTE564-S043-0216,0216,S043,74,YEARS,>=65,M,ASIAN,NOT HISPANIC OR LATINO,USA,PBO,PLACEBO,Control
MK-3475-564,KEYNOTE564-S043-0306,0306,S043,68,YEARS,>=65,M,UNKNOWN,NOT HISPANIC OR LATINO,GBR,PEMBRO,PEMBROLIZUMAB,Pembrolizumab
MK-3475-564,KEYNOTE564-S043-0489,0489,S043,68,YEARS,>=65,F,UNKNOWN,NOT HISPANIC OR LATINO,USA,PBO,PLACEBO,Control
MK-3475-564,KEYNOTE564-S043-0521,0521,S043,53,YEARS,<65,M,UNKNOWN,HISPANIC OR LATINO,CHN,PBO,PLACEBO,Control
MK-3475-564,KEYNOTE564-S043-0532,0532,S043,78,YEARS,>=65,M,ASIAN,NOT HISPANIC OR LATINO,RUS,PBO,PLACEBO,Control
MK-3475-564,KEYNOTE564-S043-0553,0553,S043,47,YEARS,<65,F,WHITE,NOT HISPANIC OR LATINO,DEU,PBO,PLACEBO,Control
MK-3475-564,KEYNOTE564-S043-0620,0620,S043,57,YEARS,<65,M,WHITE,NOT HISPANIC OR LATINO,GBR,PEMBRO,PEMBROLIZUMAB,Pembrolizumab
MK-3475-564,KEYNOTE564-S043-0621,0621,S043,56,YEARS,<65,M,UNKNOWN,NOT HISPANIC OR LATINO,RUS,PBO,PLACEBO,Control
MK-3475-564,KEYNOTE564-S043-0729,0729,S043,58,YEARS,<65,M,UNKNOWN,NOT HISPANIC OR LATINO,GBR,PBO,PLACEBO,Control
MK-3475-564,KEYNOTE564-S043-0782,0782,S043,65,YEARS,>=65,F,WHITE,NOT HISPANIC OR LATINO,ITA,PEMBRO,PEMBROLIZUMAB,Pembrolizumab
MK-3475-564,KEYNOTE564-S043-0849,0849,S043,72,YEARS,>=65,M,WHITE,HISPANIC OR LATINO,AUS,PBO,PLACEBO,Control
MK-3475-564,KEYNOTE564-S043-0885,0885,S043,39,YEARS,<65,M,WHITE,NOT HISPANIC OR LATINO,USA,PEMBRO,PEMBROLIZUMAB,Pembrolizumab
MK-3475-564,KEYNOTE564-S043-0899,0899,S043,67,YEARS,>=65,M,WHITE,HISPANIC OR LATINO,ESP,PEMBRO,PEMBROLIZUMAB,Pembrolizumab
MK-3475-564,KEYNOTE564-S043-0915,0915,S043,73,YEARS,>=65,M,WHITE,NOT HISPANIC OR LATINO,KOR,PBO,PLACEBO,Control
MK-3475-564,KEYNOTE564-S044-0023,0023,S044,56,YEARS,<65,F,WHITE,NOT HISPANIC OR LATINO,USA,PBO,PLACEBO,Control
MK-3475-564,KEYNOTE564-S044-0084,0084,S044,68,YEARS,>=65,F,WHITE,NOT HISPANIC OR LATINO,USA,PEMBRO,PEMBROLIZUMAB,Pembrolizumab
MK-3475-564,KEYNOTE564-S044-0099,0099,S044,58,YEARS,<65,M,WHITE,NOT HISPANIC OR LATINO,USA,PEMBRO,PEMBROLIZUMAB,Pembrolizumab
MK-3475-564,KEYNOTE564-S044-0137,0137,S044,55,YEARS,<65,M,UNKNOWN,NOT HISPANIC OR LATINO,ESP,PEMBRO,PEMBROLIZUMAB,Pembrolizumab
MK-3475-564,KEYNOTE564-S044-0349,0349,S044,60,YEARS,<65,F,WHITE,NOT HISPANIC OR LATINO,CAN,PEMBRO,PEMBROLIZUMAB,Pembrolizumab
MK-3475-564,KEYNOTE564-S044-0355,0355,S044,60,YEARS,<65,M,ASIAN,HISPANIC OR LATINO,CAN,PEMBRO,PEMBROLIZUMAB,Pembrolizumab
MK-3475-564,KEYNOTE564-S044-0409,0409,S044,64,YEARS,<65,M,WHITE,NOT HISPANIC OR LATINO,DEU,PEMBRO,PEMBROLIZUMAB,Pembrolizumab
MK-3475-564,KEYNOTE564-S044-0507,0507,S044,62,YEARS,<65,M,AMERICAN INDIAN OR ALASKA NATIVE,NOT HISPANIC OR LATINO,JPN,PEMBRO,PEMBROLIZUMAB,Pembrolizumab
MK-3475-564,KEYNOTE564-S044-0509,0509,S044,59,YEARS,<65,F,WHITE,NOT HISPANIC OR LATINO,FRA,PBO,PLACEBO,Control
MK-3475-564,KEYNOTE564-S044-0528,0528,S044,56,YEARS,<65,M,UNKNOWN,NOT HISPANIC OR LATINO,KOR,PEMBRO,PEMBROLIZUMAB,Pembrolizumab
MK-3475-564,KEYNOTE564-S044-0552,0552,S044,51,YEARS,<65,M,WHITE,NOT HISPANIC OR LATINO,FRA,PEMBRO,PEMBROLIZUMAB,Pembrolizumab
MK-3475-564,KEYNOTE564-S044-0667,0667,S044,65,YEARS,>=65,F,WHITE,HISPANIC OR LATINO,USA,PBO,PLACEBO,Control
MK-3475-564,KEYNOTE564-S044-0708,0708,S044,88,YEARS,>=65,M,WHITE,HISPANIC OR LATINO,USA,PEMBRO,PEMBROLIZUMAB,Pembrolizumab
MK-3475-564,KEYNOTE564-S044-0717,0717,S044,43,YEARS,<65,M,ASIAN,NOT HISPANIC OR LATINO,ITA,PBO,PLACEBO,Control
MK-3475-564,KEYNOTE564-S044-0721,0721,S044,50,YEARS,<65,M,WHITE,NOT HISPANIC OR LATINO,DEU,PEMBRO,PEMBROLIZUMAB,Pembrolizumab
MK-3475-564,KEYNOTE564-S044-0749,0749,S044,58,YEARS,<65,M,WHITE,NOT HISPANIC OR LATINO,GBR,PEMBRO,PEMBROLIZUMAB,Pembrolizumab
MK-3475-564,KEYNOTE564-S044-0780,0780,S044,62,YEARS,<65,M,WHITE,NOT HISPANIC OR LATINO,USA,PBO,PLACEBO,Control
MK-3475-564,KEYNOTE564-S044-0815,0815,S044,43,YEARS,<65,F,WHITE,NOT HISPANIC OR LATINO,FRA,PEMBRO,PEMBROLIZUMAB,Pembrolizumab
MK-3475-564,KEYNOTE564-S044-0973,0973,S044,59,YEARS,<65,M,WHITE,NOT HISPANIC OR LATINO,JPN,PBO,PLACEBO,Control
MK-3475-564,KEYNOTE564-S044-0988,0988,S044,59,YEARS,<65,M,WHITE,NOT HISPANIC OR LATINO,KOR,PBO,PLACEBO,Control
MK-3475-564,KEYNOTE564-S045-0136,0136,S045,48,YEARS,<65,M,ASIAN,NOT HISPANIC OR LATINO,ESP,PBO,PLACEBO,Control
MK-3475-564,KEYNOTE564-S045-0151,0151,S045,60,YEARS,<65,F,WHITE,NOT HISPANIC OR LATINO,GBR,PBO,PLACEBO,Control
MK-3475-564,KEYNOTE564-S045-0180,0180,S045,52,YEARS,<65,F,UNKNOWN,NOT HISPANIC OR LATINO,USA,PBO,PLACEBO,Control
MK-3475-564,KEYNOTE564-S045-0250,0250,S045,72,YEARS,>=65,M,WHITE,NOT HISPANIC OR LATINO,CHN,PBO,PLACEBO,Control
MK-3475-564,KEYNOTE564-S045-0307,0307,S045,58,YEARS,<65,F,WHITE,NOT HISPANIC OR LATINO,ESP,PBO,PLACEBO,Control
MK-3475-564,KEYNOTE564-S045-0418,0418,S045,57,YEARS,<65,M,ASIAN,NOT HISPANIC OR LATINO,RUS,PEMBRO,PEMBROLIZUMAB,Pembrolizumab
MK-3475-564,KEYNOTE564-S045-0587,0587,S045,48,YEARS,<65,M,WHITE,NOT HISPANIC OR LATINO,CAN,PEMBRO,PEMBROLIZUMAB,Pembrolizumab
MK-3475-564,KEYNOTE564-S045-0609,0609,S045,56,YEARS,<65,M,WHITE,NOT HISPANIC OR LATINO,USA,PBO,PLACEBO,Control
MK-3475-564,KEYNOTE564-S045-0615,0615,S045,57,YEARS,<65,M,WHITE,NOT HISPANIC OR LATINO,USA,PEMBRO,PEMBROLIZUMAB,Pembrolizumab
MK-3475-564,KEYNOTE564-S045-0653,0653,S045,54,YEARS,<65,M,WHITE,NOT HISPANIC OR LATINO,USA,PBO,PLACEBO,Control
MK-3475-564,KEYNOTE564-S045-0672,0672,S045,52,YEARS,<65,F,WHITE,NOT HISPANIC OR LATINO,ESP,PEMBRO,PEMBROLIZUMAB,Pembrolizumab
MK-3475-564,KEYNOTE564-S045-0685,0685,S045,56,YEARS,<65,M,WHITE,NOT HISPANIC OR LATINO,USA,PBO,PLACEBO,Control
MK-3475-564,KEYNOTE564-S045-0714,0714,S045,60,YEARS,<65,M,ASIAN,HISPANIC OR LATINO,AUS,PBO,PLACEBO,Control
MK-3475-564,KEYNOTE564-S045-0740,0740,S045,51,YEARS,<65,M,ASIAN,NOT HISPANIC OR LATINO,FRA,PEMBRO,PEMBROLIZUMAB,Pembrolizumab
MK-3475-564,KEYNOTE564-S045-0777,0777,S045,61,YEARS,<65,F,ASIAN,NOT HISPANIC OR LATINO,RUS,PEMBRO,PEMBROLIZUMAB,Pembrolizumab
MK-3475-564,KEYNOTE564-S045-0871,0871,S045,55,YEARS,<65,M,UNKNOWN,NOT HISPANIC OR LATINO,USA,PEMBRO,PEMBROLIZUMAB,Pembrolizumab
MK-3475-564,KEYNOTE564-S045-0881,0881,S045,71,YEARS,>=65,F,WHITE,HISPANIC OR LATINO,ITA,PBO,PLACEBO,Control
MK-3475-564,KEYNOTE564-S045-0932,0932,S045,51,YEARS,<65,M,WHITE,NOT HISPANIC OR LATINO,USA,PEMBRO,PEMBROLIZUMAB,Pembrolizumab
MK-3475-564,KEYNOTE564-S045-0980,0980,S045,58,YEARS,<65,M,WHITE,NOT HISPANIC OR LATINO,USA,PBO,PLACEBO,Control
